--SYS 관리자 계정
ALTER  SESSION SET "_ORACLE_SCRIPT" = TRUE;

-- 사용자 계정 생성
CREATE USER project_kjy IDENTIFIED BY jiyoon1010;

-- 생성한 사용자 계정에 권한 부여
GRANT CONNECT, RESOURCE, CREATE VIEW TO project_kjy;

-- 테이블 스페이스 할당
ALTER USER project_kjy DEFAULT
TABLESPACE SYSTEM QUOTA UNLIMITED ON SYSTEM;
---------------------------------------------------------------------
CREATE TABLE PRODUCT_CATEGORY_TB (
   CATEGORY_CODE VARCHAR2(50) CONSTRAINT PK_PRODUCT_CATEGORY_TB PRIMARY KEY,
   CATEGORY_NAME VARCHAR2(50) UNIQUE
);

COMMENT ON COLUMN "PRODUCT_CATEGORY_TB".CATEGORY_CODE IS '품목코드(상품분류코드)';
COMMENT ON COLUMN "PRODUCT_CATEGORY_TB".CATEGORY_NAME IS '상품분류명';

CREATE TABLE SALES_TB (
   SALES_CODE VARCHAR2(50) CONSTRAINT PK_SALES_TB PRIMARY KEY,
   SALES_NAME VARCHAR2(50),
   SALES_PER VARCHAR2(5)
);

DELETE FROM SALES_TB;

ALTER TABLE SALES_TB MODIFY SALES_PER NUMBER;

COMMENT ON COLUMN "SALES_TB".SALES_CODE IS '할인코드';
COMMENT ON COLUMN "SALES_TB".SALES_NAME IS '할인명';
COMMENT ON COLUMN "SALES_TB".SALES_PER IS '할인퍼센트';

CREATE TABLE PRODUCT_TB (
   PRODUCT_CODE VARCHAR2(50) CONSTRAINT PK_PRODUCT_TB_CODE PRIMARY KEY,
   PRODUCT_NAME VARCHAR2(50),
   PRODUCT_PRICE NUMBER DEFAULT 0,
   CATEGORY_CODE VARCHAR2(50),
   SALES_CODE VARCHAR2(50),
   CONSTRAINT FK_CATEGORY_CODE FOREIGN KEY(CATEGORY_CODE) REFERENCES "PRODUCT_CATEGORY_TB",
   CONSTRAINT FK_SALES_CODE FOREIGN KEY(SALES_CODE) REFERENCES "SALES_TB"
);

ALTER TABLE PRODUCT_TB DROP CONSTRAINT FK_SALES_CODE;
ALTER TABLE PRODUCT_TB DROP COLUMN SALES_CODE;
ALTER TABLE PRODUCT_TB ADD BAR_CODE NUMBER NOT NULL;
ALTER TABLE PRODUCT_TB ADD CONSTRAINT UNI_BAR_CODE UNIQUE(BAR_CODE);

COMMENT ON COLUMN "PRODUCT_TB".BAR_CODE IS '상품바코드(매가)';

COMMENT ON COLUMN "PRODUCT_TB".PRODUCT_CODE IS '상품코드';
COMMENT ON COLUMN "PRODUCT_TB".PRODUCT_NAME IS '상품명';
COMMENT ON COLUMN "PRODUCT_TB".PRODUCT_PRICE IS '금액(매가)';
COMMENT ON COLUMN "PRODUCT_TB".CATEGORY_CODE IS '품목코드(상품분류코드)';
COMMENT ON COLUMN "PRODUCT_TB".SALES_CODE IS '할인코드';

CREATE SEQUENCE SEQ_BAR_CODE
START WITH 1
INCREMENT BY 1
NOCYCLE 
NOCACHE;

CREATE TABLE PRODUCT_PRICE_TB(
   PRICE_NO VARCHAR2(50) CONSTRAINT PK_PRICE_TB_NO PRIMARY KEY,
   PRODUCT_CODE VARCHAR2(50) NOT NULL,
   SALES_CODE VARCHAR2(50) NOT NULL,
   START_DATE DATE NOT NULL,
   END_DATE DATE NOT NULL,
   CONSTRAINT FK_PRODUCT_CODE FOREIGN KEY(PRODUCT_CODE) REFERENCES "PRODUCT_TB",
   CONSTRAINT FK_SALES_CODE FOREIGN KEY(SALES_CODE) REFERENCES "SALES_TB"
);

ALTER TABLE PRODUCT_PRICE_TB ADD CONSTRAINT FK_SALES_CODE FOREIGN KEY(SALES_CODE) REFERENCES "SALES_TB";      
ALTER TABLE PRODUCT_PRICE_TB MODIFY PRICE_NO NUMBER;

COMMENT ON COLUMN "PRODUCT_PRICE_TB".PRICE_NO IS '번호(상품 할인바코드)';
COMMENT ON COLUMN "PRODUCT_PRICE_TB".PRODUCT_CODE IS '상품코드';
COMMENT ON COLUMN "PRODUCT_PRICE_TB".SALES_CODE IS '힐인코드';
COMMENT ON COLUMN "PRODUCT_PRICE_TB".START_DATE IS '행사시작날짜';
COMMENT ON COLUMN "PRODUCT_PRICE_TB".END_DATE IS '행사끝나는날짜';

CREATE SEQUENCE SEQ_PRICE_NO
START WITH 1
INCREMENT BY 1
NOCYCLE 
NOCACHE;

CREATE TABLE TEAM_TB(
   TEAM_CODE VARCHAR2(50) CONSTRAINT PK_TEAM_TB PRIMARY KEY,
   TEAM_NAME VARCHAR2(50) NOT NULL,
   TEAM_ADDRESS VARCHAR2(2000),
   TEAM_PHONE VARCHAR2(20)
);

COMMENT ON COLUMN "TEAM_TB".TEAM_CODE IS '매장/센터/본사코드';
COMMENT ON COLUMN "TEAM_TB".TEAM_NAME IS '매장/센터/본사명';
COMMENT ON COLUMN "TEAM_TB".TEAM_ADDRESS IS '주소';
COMMENT ON COLUMN "TEAM_TB".TEAM_PHONE IS '전화번호';

CREATE TABLE DEPT_TB (
   DEPT_CODE VARCHAR2(50) CONSTRAINT PK_DEPT_TB PRIMARY KEY,
   DEPT_NAME VARCHAR2(50) NOT NULL
);

COMMENT ON COLUMN "DEPT_TB".DEPT_CODE IS '부서코드';
COMMENT ON COLUMN "DEPT_TB".DEPT_NAME IS '부서이름';

CREATE TABLE JOB_TB(
   JOB_CODE VARCHAR2(50) CONSTRAINT PK_JOB_TB PRIMARY KEY,
   JOB_NAME VARCHAR2(50) NOT NULL
);

COMMENT ON COLUMN "JOB_TB".JOB_CODE IS '직급코드';
COMMENT ON COLUMN "JOB_TB".JOB_NAME IS '직급명';

CREATE TABLE STOCK_TB(
   STOCK_NO NUMBER CONSTRAINT PK_STOCK_TB PRIMARY KEY,
   IN_OUT_SALES_ST VARCHAR2(5) NOT NULL CONSTRAINT CK_IOUT_SALES_ST CHECK(IN_OUT_SALES_ST IN('IN','OUT','SALES')),
   AMOUNT NUMBER NOT NULL,
   STOCK_ST_DATE DATE DEFAULT SYSDATE,
   ORDER_CONFIRM_YN CHAR(1) DEFAULT 'N' CONSTRAINT CK_ORDER_CONFIRM_YN CHECK(ORDER_CONFIRM_YN IN('Y','N')),
   PRODUCT_CODE VARCHAR2(50) NOT NULL,
   TEAM_CODE VARCHAR2(50) NOT NULL,
   CONSTRAINT FK_STOCK_PRODUCT_CODE FOREIGN KEY(PRODUCT_CODE) REFERENCES "PRODUCT_TB",
   CONSTRAINT FK_STOCK_TEAM_CODE FOREIGN KEY(TEAM_CODE) REFERENCES "TEAM_TB"
);
 
ALTER TABLE STOCK_TB ADD CONSTRAINT CK_IOUT_SALES_ST CHECK(IN_OUT_SALES_ST IN('IN','OUT','SALES',NULL));
ALTER TABLE STOCK_TB DROP CONSTRAINT CK_IOUT_SALES_ST;
ALTER TABLE STOCK_TB ADD TARGET_TEAM_CODE VARCHAR2(50);---잘못 추가
COMMENT ON COLUMN "STOCK_TB".TARGET_TEAM_CODE IS '상대(발주 받는/점간 입출고) 매장코드'; ---잘못 추가

COMMENT ON COLUMN "STOCK_TB".STOCK_NO IS '입출고/판매 번호';
COMMENT ON COLUMN "STOCK_TB".IN_OUT_SALES_ST IS '상태(입고/ 출고/판매)';
COMMENT ON COLUMN "STOCK_TB".AMOUNT IS '(입고/ 출고/판매)수량';
COMMENT ON COLUMN "STOCK_TB".STOCK_ST_DATE IS '(입고/ 출고/판매)날짜';
COMMENT ON COLUMN "STOCK_TB".ORDER_CONFIRM_YN IS '(입고/ 출고/판매)확정여부';
COMMENT ON COLUMN "STOCK_TB".PRODUCT_CODE IS '(입고/ 출고/판매)된 상품코드';
COMMENT ON COLUMN "STOCK_TB".TEAM_CODE IS '매장/센터 위치';

CREATE SEQUENCE SEQ_STOCK_NO
START WITH 1
INCREMENT BY 1
NOCYCLE 
NOCACHE;

--CREATE SEQUENCE SEQ_CATEGORY_CODE
--INCREMENT BY 1                                      --증감숫자가 양수면 증가 음수면 감소 디폴트는 1
--START WITH 1                                       -- 시작숫자의 디폴트값은 증가일때 MINVALUE 감소일때 MAXVALUE
--NOMINVALUE OR MINVALUE [최솟값]                     -- NOMINVALUE : 디폴트값 설정, 증가일때 1, 감소일때 -1028 
--                                                    -- MINVALUE : 최소값 설정, 시작숫자와 작거나 같아야하고 MAXVALUE보다 작아야함
--NOMAXVALUE OR MAXVALUE [최대값]                     -- NOMAXVALUE : 디폴트값 설정, 증가일때 1027, 감소일때 -1
--                                                  -- MAXVALUE : 최대값 설정, 시작숫자와 같거나 커야하고 MINVALUE보다 커야함
--NOCYCLE                                             --CYCLE 설정시 최대값에 도달하면 최소값부터 다시 시작 NOCYCLE 설정시 최대값 생성 시 시퀀스 생성중지
--NOCACHE;                                            --CACHE 설정시 메모리에 시퀀스 값을 미리 할당하고 NOCACHE 설정시 시퀀스값을 메로리에 할당하지 않음

CREATE TABLE ORDER_TB (
   ORDER_CODE VARCHAR2(50) CONSTRAINT PK_ORDER_TB PRIMARY KEY,
   ORDER_AMOUNT NUMBER DEFAULT 0,
   ORDER_DATE DATE DEFAULT SYSDATE,
   PRODUCT_CODE VARCHAR2(50) NOT NULL,
   TEAM_CODE VARCHAR2(50) NOT NULL,
   --TARGET_TEAM_CODE
   CONSTRAINT FK_ORDER_PRODUCT_CODE FOREIGN KEY(PRODUCT_CODE) REFERENCES "PRODUCT_TB",
   CONSTRAINT FK_ORDER_TEAM_CODE FOREIGN KEY(TEAM_CODE) REFERENCES "TEAM_TB"
);

COMMENT ON COLUMN "ORDER_TB".ORDER_NO IS '발주번호';
COMMENT ON COLUMN "ORDER_TB".ORDER_AMOUNT IS '발주수량';
COMMENT ON COLUMN "ORDER_TB".ORDER_DATE IS '발주날짜';
COMMENT ON COLUMN "ORDER_TB".PRODUCT_CODE IS '상품코드';
COMMENT ON COLUMN "ORDER_TB".TEAM_CODE IS '매장/센터코드';

ALTER TABLE ORDER_TB RENAME COLUMN ORDER_CODE to ORDER_NO;
ALTER TABLE ORDER_TB ADD(ORDER_CODE VARCHAR2(50) NOT NULL);
COMMENT ON COLUMN "ORDER_TB".ORDER_CODE IS '발주코드';

--ALTER TABLE ORDER_TB ADD TARGET_TEAM_CODE VARCHAR2(50);---잘못 추가
--COMMENT ON COLUMN "ORDER_TB".TARGET_TEAM_CODE IS '상대(발주 받는/점간 입출고) 매장코드'; ---잘못 추가

--ALTER TABLE ORDER_TB DROP CONSTRAINT FK_SALES_CODE;
--ALTER TABLE ORDER_TB DROP COLUMN TARGET_TEAM_CODE;

DROP SEQUENCE SEQ_ORDER_CODE;

CREATE SEQUENCE SEQ_ORDER_NO
START WITH 1
INCREMENT BY 1
NOCYCLE 
NOCACHE;

CREATE TABLE EMP_TB(
   EMP_NO VARCHAR2(50) CONSTRAINT PK_EMP_TB PRIMARY KEY,
   EMP_ID VARCHAR2(50) NOT NULL,
   EMP_PW VARCHAR2(50) NOT NULL,
   TEAM_CODE VARCHAR2(50) NOT NULL,  ---FK_EMP_TEAM_CODE
   DEPT_CODE VARCHAR2(50) NOT NULL,  ---FK_EMP_DEPT_CODE   ---NULL 변경 해야함
   JOB_CODE VARCHAR2(50) NOT NULL,   ---FK_EMP_JOB_CODE
   EMP_NAME VARCHAR2(10) NOT NULL,
   EMP_SSN VARCHAR2(50) NOT NULL,
   HIRE_DATE DATE DEFAULT SYSDATE,
   ENT_DATE DATE,
   ENT_YN CHAR(1) DEFAULT 'N' CONSTRAINT CK_ENT_YN CHECK(ENT_YN IN('Y','N')),
   CONSTRAINT FK_EMP_TEAM_CODE FOREIGN KEY(TEAM_CODE) REFERENCES "TEAM_TB",
   CONSTRAINT FK_EMP_DEPT_CODE FOREIGN KEY(DEPT_CODE) REFERENCES "DEPT_TB",
   CONSTRAINT FK_EMP_JOB_CODE FOREIGN KEY(JOB_CODE) REFERENCES "JOB_TB"
);

ALTER TABLE EMP_TB ADD CONSTRAINT UNI_EMP_ID UNIQUE(EMP_ID);
ALTER TABLE EMP_TB MODIFY DEPT_CODE NULL;   --대표는 부서 없어서 변경

COMMENT ON COLUMN "EMP_TB".EMP_NO IS '사원번호';
COMMENT ON COLUMN "EMP_TB".EMP_ID IS '아이디';
COMMENT ON COLUMN "EMP_TB".EMP_PW IS '비번';
COMMENT ON COLUMN "EMP_TB".TEAM_CODE IS '매장/센터/본사코드';
COMMENT ON COLUMN "EMP_TB".DEPT_CODE IS '부서코드';
COMMENT ON COLUMN "EMP_TB".JOB_CODE IS '직급코드';
COMMENT ON COLUMN "EMP_TB".EMP_NAME IS '이름';
COMMENT ON COLUMN "EMP_TB".EMP_SSN IS '주민번호';
COMMENT ON COLUMN "EMP_TB".HIRE_DATE IS '입사일';
COMMENT ON COLUMN "EMP_TB".ENT_DATE IS '퇴사일';
COMMENT ON COLUMN "EMP_TB".ENT_YN IS '퇴사여부';

CREATE TABLE SALES_TARGET_TB (
   TARGET_NO NUMBER CONSTRAINT PK_SALES_TARGET_TB PRIMARY KEY,
   TARGET_DATE DATE,
   TARGET_AMOUNT NUMBER DEFAULT 0,
   SKINCR_RATIO VARCHAR2(5),
   MAKEUP_RATIO VARCHAR2(5),
   BODYCR_RATIO VARCHAR2(5),
   HAIRCR_RATIO VARCHAR2(5),
   TEAM_CODE VARCHAR2(50) NOT NULL,   -----
   CONSTRAINT FK_SALES_TARGET_TEAM_CODE FOREIGN KEY(TEAM_CODE) REFERENCES "TEAM_TB"
);

DELETE FROM SALES_TARGET_TB;

ALTER TABLE SALES_TARGET_TB MODIFY SKINCR_RATIO NUMBER;
ALTER TABLE SALES_TARGET_TB MODIFY MAKEUP_RATIO NUMBER;
ALTER TABLE SALES_TARGET_TB MODIFY BODYCR_RATIO NUMBER;
ALTER TABLE SALES_TARGET_TB MODIFY HAIRCR_RATIO NUMBER;

CREATE SEQUENCE SEQ_TARGET_NO
START WITH 1
INCREMENT BY 1
NOCYCLE 
NOCACHE;

COMMENT ON COLUMN "SALES_TARGET_TB".TARGET_NO IS '목표번호';
COMMENT ON COLUMN "SALES_TARGET_TB".TARGET_DATE IS '목표날짜(년도,월)';
COMMENT ON COLUMN "SALES_TARGET_TB".TARGET_AMOUNT IS '목표금액';
COMMENT ON COLUMN "SALES_TARGET_TB".SKINCR_RATIO IS '월별목표금액 중 스킨케어 목표금액 퍼센트(비율)';
COMMENT ON COLUMN "SALES_TARGET_TB".MAKEUP_RATIO IS '월별목표금액 중 메이크업(색조) 목표금액 퍼센트(비율)';
COMMENT ON COLUMN "SALES_TARGET_TB".BODYCR_RATIO IS '월별목표금액 중 바디케어 목표금액 퍼센트(비율)';
COMMENT ON COLUMN "SALES_TARGET_TB".HAIRCR_RATIO IS '월별목표금액 중 헤어케어 목표금액 퍼센트(비율)';
COMMENT ON COLUMN "SALES_TARGET_TB".TEAM_CODE IS '매장별 목표 매출 매장코드';

CREATE TABLE SCHEDULE_TB(
   SCHEDULE_NO VARCHAR2(4000) CONSTRAINT PK_SCHEDULE_TB PRIMARY KEY,
   EMP_NO VARCHAR2(50) NOT NULL,           -----
   TEAM_CODE VARCHAR2(50) NOT NULL,        -----
   SCHEDULE_DATE DATE,
   OFF_YN CHAR(1) CONSTRAINT CK_OFF_YN CHECK(OFF_YN IN('Y','N')),
   CONSTRAINT FK_SCHEDULE_EMP_NO FOREIGN KEY(EMP_NO) REFERENCES "EMP_TB",
   CONSTRAINT FK_SCHEDULE_TEAM_CODE FOREIGN KEY(TEAM_CODE) REFERENCES "TEAM_TB"
);

CREATE SEQUENCE SEQ_SCHEDULE_NO
START WITH 1
INCREMENT BY 1
NOCYCLE 
NOCACHE;

COMMENT ON COLUMN "SCHEDULE_TB".SCHEDULE_NO IS '매장별 직원 스케줄번호';
COMMENT ON COLUMN "SCHEDULE_TB".EMP_NO IS '직원번호';
COMMENT ON COLUMN "SCHEDULE_TB".TEAM_CODE IS '해당 스케줄 직원 소속';
COMMENT ON COLUMN "SCHEDULE_TB".SCHEDULE_DATE IS '스케줄 날짜';
COMMENT ON COLUMN "SCHEDULE_TB".OFF_YN IS '출근 유무';

----------------------------------------------------------------------
--insert 데이터 삽입 
--JOB_TB------------------------------------------
INSERT INTO JOB_TB VALUES('COO','대표');
INSERT INTO JOB_TB VALUES('S1','상무');
INSERT INTO JOB_TB VALUES('S2','팀장');
INSERT INTO JOB_TB VALUES('M1','총괄매니저저');
INSERT INTO JOB_TB VALUES('M2','지역매니저');
INSERT INTO JOB_TB VALUES('SA','점장');
INSERT INTO JOB_TB VALUES('A','부정잠');
INSERT INTO JOB_TB VALUES('JA','사원');
INSERT INTO JOB_TB VALUES('INTERN','인턴');
INSERT INTO JOB_TB VALUES('PARTTIME','알바');
--DEPT_TB-----------------------------------------
INSERT INTO DEPT_TB VALUES('CS','고객지원');
INSERT INTO DEPT_TB VALUES('HR','인사관리');
INSERT INTO DEPT_TB VALUES('MD','MD');
INSERT INTO DEPT_TB VALUES('PD','기획부');
INSERT INTO DEPT_TB VALUES('LM','물류팀');
INSERT INTO DEPT_TB VALUES('SM','영업팀');
--SALES_TB----------------------------------------
--SELECT
--   CASE 
--      WHEN (SELECT MAX(EMP_ID) FROM EMPLOYEE2) IS NULL
--      THEN TO_NUMBER(EXTRACT(YEAR FROM SYSDATE)||'0001')
--      ELSE TO_NUMBER(EXTRACT(YEAR FROM SYSDATE)||'0000') + (SELECT MAX(EMP_ID) FROM EMPLOYEE2) + 1
--   END 번호
--FROM DUAL;
--SELECT
--   CASE 
--      WHEN (SELECT MAX(SALES_CODE) FROM DEPT_TB) IS NULL
--      THEN TO_NUMBER(EXTRACT(YEAR FROM SYSDATE)||EXTRACT(MONTH FROM SYSDATE)||'01')
--      ELSE TO_NUMBER(EXTRACT(YEAR FROM SYSDATE)||'0000') + (SELECT MAX(EMP_ID) FROM EMPLOYEE2) + 1
--   END SALES_CODE
--FROM DUAL;
--202207
INSERT INTO SALES_TB VALUES('202207SC01','20220713_17_SC',0.2);
INSERT INTO SALES_TB VALUES('202207MU01','20220701_31_MU',0.3);
INSERT INTO SALES_TB VALUES('202207BC01','20220701_31_BC',0.4);
INSERT INTO SALES_TB VALUES('202207HC01','20220701_06_HC',0.4);
--202208
INSERT INTO SALES_TB VALUES('202208SC01','20220813_17_SC',0.15);
INSERT INTO SALES_TB VALUES('202208MU01','20220801_31_MU',0.3);
INSERT INTO SALES_TB VALUES('202208BC01','20220801_31_BC',0.35);
INSERT INTO SALES_TB VALUES('202208HC01','20220801_06_HC',0.3);
--202209
INSERT INTO SALES_TB VALUES('202209SC01','20220901_30_SC',0.3);  -------NAME 날짜 사이에 적합한거 찾고 
INSERT INTO SALES_TB VALUES('202209SC02','20220913_17_SC',0.35);  -------코드로 분류SC,HC 뒤에 숫자가 큰걸 우선 순위로 
INSERT INTO SALES_TB VALUES('202209MU01','20220901_30_MU',0.2);  -------할인코드를 가지고 와서 퍼센터를 적용
INSERT INTO SALES_TB VALUES('202209BC01','20220901_30_BC',0.25);
INSERT INTO SALES_TB VALUES('202209HC01','20220901_30_HC',0.37);
INSERT INTO SALES_TB VALUES('202209HC02','20220901_06_HC',0.4);
--------------------------------------------------------------------------------------------
--PRODUCT_CATEGORY_TB
INSERT INTO PRODUCT_CATEGORY_TB VALUES('SKIN_CR','스킨케어');
INSERT INTO PRODUCT_CATEGORY_TB VALUES('MAKE_UP','메이크업색조');
INSERT INTO PRODUCT_CATEGORY_TB VALUES('BODY_CR','바디케어');
INSERT INTO PRODUCT_CATEGORY_TB VALUES('HAIR_CR','헤어케어');
------------------------------------------------------------------------------------------
--TEAM_TB
INSERT INTO TEAM_TB VALUES('HQ','본사','서울시 송파구 올림픽로 본사','02-274-0001');
INSERT INTO TEAM_TB VALUES('DC','물류센터','경기 광명시 물류센터','02-174-0002');
INSERT INTO TEAM_TB VALUES('DM001','종로점','서울시 중구 을지로','02-273-0003');
INSERT INTO TEAM_TB VALUES('DM002','강남점','서울특별시 강나구 강남대로','02-173-0004');
--------------------------------------------------------------------------------------------
--EMP_TB
--INSERT INTO TEST_EMP VALUES((SELECT           ------------성공한거
--   CASE 
--      WHEN (SELECT COUNT(EMP_NO) FROM EMP_TB WHERE SUBSTR(EMP_NO,1,4) =(SELECT EXTRACT(YEAR FROM SYSDATE) FROM DUAL)) = 0
--      THEN TO_NUMBER(EXTRACT(YEAR FROM SYSDATE)||'0001')
--      ELSE TO_NUMBER(EXTRACT(YEAR FROM SYSDATE)||SUBSTR((SELECT MAX(EMP_NO) FROM EMP_TB WHERE SUBSTR(EMP_NO,1,4) =(SELECT EXTRACT(YEAR FROM SYSDATE) FROM DUAL)),5,8)) + 1
--   END EMP_NO
--FROM DUAL));
---------------------
--INSERT INTO EMP_TB VALUES((SELECT          
--   CASE 
--      WHEN (SELECT COUNT(EMP_NO) FROM EMP_TB WHERE SUBSTR(EMP_NO,1,4) =(SELECT EXTRACT(YEAR FROM SYSDATE) FROM DUAL)) = 0
--      THEN TO_NUMBER(EXTRACT(YEAR FROM SYSDATE)||'0001')
--      ELSE TO_NUMBER(EXTRACT(YEAR FROM SYSDATE)||SUBSTR((SELECT MAX(EMP_NO) FROM EMP_TB WHERE SUBSTR(EMP_NO,1,4) =(SELECT EXTRACT(YEAR FROM SYSDATE) FROM DUAL)),5,8)) + 1
--   END EMP_NO
--FROM DUAL),(SELECT          
--   CASE 
--      WHEN (SELECT COUNT(EMP_NO) FROM EMP_TB WHERE SUBSTR(EMP_NO,1,4) =(SELECT EXTRACT(YEAR FROM SYSDATE) FROM DUAL)) = 0
--      THEN TO_NUMBER(EXTRACT(YEAR FROM SYSDATE)||'0001')
--      ELSE TO_NUMBER(EXTRACT(YEAR FROM SYSDATE)||SUBSTR((SELECT MAX(EMP_NO) FROM EMP_TB WHERE SUBSTR(EMP_NO,1,4) =(SELECT EXTRACT(YEAR FROM SYSDATE) FROM DUAL)),5,8)) + 1
--   END EMP_NO
--FROM DUAL),'pass')
INSERT INTO EMP_TB VALUES('19800001','19000001','passCOO','HQ',NULL,'COO','김대표','570110-1000000',TO_DATE('1980-12-13','YYYY-MM-DD'),NULL,DEFAULT);
INSERT INTO EMP_TB VALUES('19810001','19810001','passS1','HQ','SM','S1','김상무','650710-1000000',TO_DATE('1981-05-03','YYYY-MM-DD'),NULL,DEFAULT);
INSERT INTO EMP_TB VALUES('19820001','19820001','passS2','HQ','SM','S2','김팀장','671010-2000000',TO_DATE('1982-08-01','YYYY-MM-DD'),NULL,DEFAULT);

INSERT INTO EMP_TB VALUES('19900001','19900001','passM1','HQ','SM','M1','김총괄','750510-1000000',TO_DATE('1990-05-01','YYYY-MM-DD'),NULL,DEFAULT);  --총괄매니저
INSERT INTO EMP_TB VALUES('19930001','19930001','passM2','HQ','SM','M2','김지역','800210-1000000',TO_DATE('1993-08-11','YYYY-MM-DD'),NULL,DEFAULT);  --지역

INSERT INTO EMP_TB VALUES('20000001','20000001','passMD','HQ','MD','S2','김엠디','851210-1000000',TO_DATE('2000-01-01','YYYY-MM-DD'),NULL,DEFAULT);  --MD
INSERT INTO EMP_TB VALUES('20000002','20000002','passPD','HQ','PD','S2','김기획','831011-2000000',TO_DATE('2000-01-01','YYYY-MM-DD'),NULL,DEFAULT);  --기획
INSERT INTO EMP_TB VALUES('20000003','20000003','passHR','HQ','HR','S2','김인사','811015-2000000',TO_DATE('2000-06-01','YYYY-MM-DD'),NULL,DEFAULT);  --인사
INSERT INTO EMP_TB VALUES('20000004','20000004','passCS','HQ','CS','S2','김고객','850310-2000000',TO_DATE('2000-06-01','YYYY-MM-DD'),NULL,DEFAULT);  --CS

INSERT INTO EMP_TB VALUES('20000005','20000005','passDC','DC','LM','S2','김물류','770801-1000000',TO_DATE('2000-01-01','YYYY-MM-DD'),NULL,DEFAULT);  --물류
INSERT INTO EMP_TB VALUES('20050001','20050001','passDM001','DM001','SM','SA','김점장','890615-2000000',TO_DATE('2005-01-01','YYYY-MM-DD'),NULL,DEFAULT);  --종로
INSERT INTO EMP_TB VALUES('20050003','20050003','passA','DM001','SM','A','김부점','911218-1000000',TO_DATE('2005-12-01','YYYY-MM-DD'),NULL,DEFAULT);
INSERT INTO EMP_TB VALUES('20070001','20070001','passJA','DM001','SM','JA','김사원','950707-2000000',TO_DATE('2007-06-01','YYYY-MM-DD'),NULL,DEFAULT);
INSERT INTO EMP_TB VALUES('20050002','20050002','passDM002','DM002','SM','SA','김점강','851119-1000000',TO_DATE('2005-01-01','YYYY-MM-DD'),NULL,DEFAULT);  --강남
INSERT INTO EMP_TB VALUES('20050004','20050004','pass0A','DM002','SM','A','김부강','900128-2000000',TO_DATE('2005-11-01','YYYY-MM-DD'),NULL,DEFAULT);
INSERT INTO EMP_TB VALUES('20070002','20070002','pass0JA','DM002','SM','JA','김사강','961226-2000000',TO_DATE('2007-06-01','YYYY-MM-DD'),NULL,DEFAULT);

-------------------------------------------------------------------------------------------------------------
--PRODUCT_TB
--COMMENT ON COLUMN "PRODUCT_TB".PRODUCT_CODE IS '상품코드';
--COMMENT ON COLUMN "PRODUCT_TB".PRODUCT_NAME IS '상품명';
--COMMENT ON COLUMN "PRODUCT_TB".PRODUCT_PRICE IS '금액(매가)';
--COMMENT ON COLUMN "PRODUCT_TB".CATEGORY_CODE IS '품목코드(상품분류코드)';
--SELECT TO_NUMBER('11888'||LPAD(1,8,0)) FROM DUAL;
INSERT INTO PRODUCT_TB VALUES('SC00001','자연스킨',26500,'SKIN_CR',TO_NUMBER('11888'||LPAD(SEQ_BAR_CODE.NEXTVAL,8,0)));
INSERT INTO PRODUCT_TB VALUES('SC00002','자연로션',32400,'SKIN_CR',TO_NUMBER('11888'||LPAD(SEQ_BAR_CODE.NEXTVAL,8,0)));
INSERT INTO PRODUCT_TB VALUES('SC00003','자연에센스',23000,'SKIN_CR',TO_NUMBER('11888'||LPAD(SEQ_BAR_CODE.NEXTVAL,8,0)));
INSERT INTO PRODUCT_TB VALUES('MU00001','마스카라',13500,'MAKE_UP',TO_NUMBER('11888'||LPAD(SEQ_BAR_CODE.NEXTVAL,8,0)));
INSERT INTO PRODUCT_TB VALUES('MU00002','아이라인',12000,'MAKE_UP',TO_NUMBER('11888'||LPAD(SEQ_BAR_CODE.NEXTVAL,8,0)));
INSERT INTO PRODUCT_TB VALUES('MU00003','립',8500,'MAKE_UP',TO_NUMBER('11888'||LPAD(SEQ_BAR_CODE.NEXTVAL,8,0)));
INSERT INTO PRODUCT_TB VALUES('BC00001','바디로션',9800,'BODY_CR',TO_NUMBER('11888'||LPAD(SEQ_BAR_CODE.NEXTVAL,8,0)));
INSERT INTO PRODUCT_TB VALUES('BC00002','바디위시',8900,'BODY_CR',TO_NUMBER('11888'||LPAD(SEQ_BAR_CODE.NEXTVAL,8,0)));
INSERT INTO PRODUCT_TB VALUES('BC00003','바디스크럽',12500,'BODY_CR',TO_NUMBER('11888'||LPAD(SEQ_BAR_CODE.NEXTVAL,8,0)));

INSERT INTO PRODUCT_TB VALUES('HC00001','샴푸',12000,'HAIR_CR',TO_NUMBER('11888'||LPAD(SEQ_BAR_CODE.NEXTVAL,8,0)));
INSERT INTO PRODUCT_TB VALUES('HC00002','린스',13000,'HAIR_CR',TO_NUMBER('11888'||LPAD(SEQ_BAR_CODE.NEXTVAL,8,0)));
INSERT INTO PRODUCT_TB VALUES('HC00003','헤어에센스',9800,'HAIR_CR',TO_NUMBER('11888'||LPAD(SEQ_BAR_CODE.NEXTVAL,8,0)));
--마지막에 바코드 추가 할지 고민중 --추가함
------------------------------------------------------------------------------------------------------------
--CREATE TABLE PRODUCT_PRICE_TB(
--   PRICE_NO VARCHAR2(50) CONSTRAINT PK_PRICE_TB_NO PRIMARY KEY,   --시퀀스
--   PRODUCT_CODE VARCHAR2(50) NOT NULL,
--   SALES_CODE VARCHAR2(50) NOT NULL,
--   START_DATE DATE NOT NULL,
--   END_DATE DATE NOT NULL,
--   CONSTRAINT FK_PRODUCT_CODE FOREIGN KEY(PRODUCT_CODE) REFERENCES "PRODUCT_TB",
--      CONSTRAINT FK_SALES_CODE FOREIGN KEY(SALES_CODE) REFERENCES "SALES_TB"
--);
--PRODUCT_PRICE_TB
--7월 할인 가격
--SELECT TO_CHAR('11800'||LPAD(SEQ_PRICE_NO.NEXTVAL,8,0)) FROM DUAL;
INSERT INTO PRODUCT_PRICE_TB
VALUES(TO_NUMBER('11800'||LPAD(SEQ_PRICE_NO.NEXTVAL,8,0)),'SC00001','202207SC01',
TO_DATE('2022-07-13','YYYY-MM-DD'),TO_DATE('2022-07-13','YYYY-MM-DD'));
INSERT INTO PRODUCT_PRICE_TB
VALUES(TO_NUMBER('11800'||LPAD(SEQ_PRICE_NO.NEXTVAL,8,0)),'SC00002','202207SC01',
TO_DATE('2022-07-13','YYYY-MM-DD'),TO_DATE('2022-07-13','YYYY-MM-DD'));
INSERT INTO PRODUCT_PRICE_TB
VALUES(TO_NUMBER('11800'||LPAD(SEQ_PRICE_NO.NEXTVAL,8,0)),'MU00001','202207MU01',
TO_DATE('2022-07-01','YYYY-MM-DD'),TO_DATE('2022-07-31','YYYY-MM-DD'));
INSERT INTO PRODUCT_PRICE_TB
VALUES(TO_NUMBER('11800'||LPAD(SEQ_PRICE_NO.NEXTVAL,8,0)),'MU00003','202207MU01',
TO_DATE('2022-07-01','YYYY-MM-DD'),TO_DATE('2022-07-31','YYYY-MM-DD'));
INSERT INTO PRODUCT_PRICE_TB	
VALUES(TO_NUMBER('11800'||LPAD(SEQ_PRICE_NO.NEXTVAL,8,0)),'BC00001','202207BC01',
TO_DATE('2022-07-01','YYYY-MM-DD'),TO_DATE('2022-07-31','YYYY-MM-DD'));
INSERT INTO PRODUCT_PRICE_TB
VALUES(TO_NUMBER('11800'||LPAD(SEQ_PRICE_NO.NEXTVAL,8,0)),'BC00002','202207BC01',
TO_DATE('2022-07-01','YYYY-MM-DD'),TO_DATE('2022-07-31','YYYY-MM-DD'));
INSERT INTO PRODUCT_PRICE_TB
VALUES(TO_NUMBER('11800'||LPAD(SEQ_PRICE_NO.NEXTVAL,8,0)),'BC00003','202207BC01',
TO_DATE('2022-07-01','YYYY-MM-DD'),TO_DATE('2022-07-31','YYYY-MM-DD'));
INSERT INTO PRODUCT_PRICE_TB
VALUES(TO_NUMBER('11800'||LPAD(SEQ_PRICE_NO.NEXTVAL,8,0)),'HC00002','202207HC01',
TO_DATE('2022-07-01','YYYY-MM-DD'),TO_DATE('2022-07-06','YYYY-MM-DD'));
INSERT INTO PRODUCT_PRICE_TB
VALUES(TO_NUMBER('11800'||LPAD(SEQ_PRICE_NO.NEXTVAL,8,0)),'HC00003','202207HC01',
TO_DATE('2022-07-01','YYYY-MM-DD'),TO_DATE('2022-07-06','YYYY-MM-DD'));
--8월 할인 가격
INSERT INTO PRODUCT_PRICE_TB
VALUES(TO_NUMBER('11800'||LPAD(SEQ_PRICE_NO.NEXTVAL,8,0)),'SC00001','202208SC01',
TO_DATE('2022-08-13','YYYY-MM-DD'),TO_DATE('2022-08-17','YYYY-MM-DD'));
INSERT INTO PRODUCT_PRICE_TB
VALUES(TO_NUMBER('11800'||LPAD(SEQ_PRICE_NO.NEXTVAL,8,0)),'SC00003','202208SC01',
TO_DATE('2022-08-13','YYYY-MM-DD'),TO_DATE('2022-08-17','YYYY-MM-DD'));
INSERT INTO PRODUCT_PRICE_TB
VALUES(TO_NUMBER('11800'||LPAD(SEQ_PRICE_NO.NEXTVAL,8,0)),'MU00001','202208MU01',
TO_DATE('2022-08-01','YYYY-MM-DD'),TO_DATE('2022-08-31','YYYY-MM-DD'));
INSERT INTO PRODUCT_PRICE_TB
VALUES(TO_NUMBER('11800'||LPAD(SEQ_PRICE_NO.NEXTVAL,8,0)),'MU00002','202208MU01',
TO_DATE('2022-08-01','YYYY-MM-DD'),TO_DATE('2022-08-31','YYYY-MM-DD'));
INSERT INTO PRODUCT_PRICE_TB	
VALUES(TO_NUMBER('11800'||LPAD(SEQ_PRICE_NO.NEXTVAL,8,0)),'MU00003','202208MU01',
TO_DATE('2022-08-01','YYYY-MM-DD'),TO_DATE('2022-08-31','YYYY-MM-DD'));
INSERT INTO PRODUCT_PRICE_TB
VALUES(TO_NUMBER('11800'||LPAD(SEQ_PRICE_NO.NEXTVAL,8,0)),'BC00002','202208BC01',
TO_DATE('2022-08-01','YYYY-MM-DD'),TO_DATE('2022-08-31','YYYY-MM-DD'));
INSERT INTO PRODUCT_PRICE_TB
VALUES(TO_NUMBER('11800'||LPAD(SEQ_PRICE_NO.NEXTVAL,8,0)),'BC00003','202208BC01',
TO_DATE('2022-08-01','YYYY-MM-DD'),TO_DATE('2022-08-31','YYYY-MM-DD'));
INSERT INTO PRODUCT_PRICE_TB
VALUES(TO_NUMBER('11800'||LPAD(SEQ_PRICE_NO.NEXTVAL,8,0)),'HC00001','202208HC01',
TO_DATE('2022-08-01','YYYY-MM-DD'),TO_DATE('2022-08-06','YYYY-MM-DD'));
INSERT INTO PRODUCT_PRICE_TB
VALUES(TO_NUMBER('11800'||LPAD(SEQ_PRICE_NO.NEXTVAL,8,0)),'HC00003','202208HC01',
TO_DATE('2022-08-01','YYYY-MM-DD'),TO_DATE('2022-08-06','YYYY-MM-DD'));
--9월 할인 가격
INSERT INTO PRODUCT_PRICE_TB
VALUES(TO_NUMBER('11800'||LPAD(SEQ_PRICE_NO.NEXTVAL,8,0)),'SC00001','202209SC01',
TO_DATE('2022-09-01','YYYY-MM-DD'),TO_DATE('2022-09-30','YYYY-MM-DD'));
INSERT INTO PRODUCT_PRICE_TB
VALUES(TO_NUMBER('11800'||LPAD(SEQ_PRICE_NO.NEXTVAL,8,0)),'SC00002','202209SC01',
TO_DATE('2022-09-01','YYYY-MM-DD'),TO_DATE('2022-09-30','YYYY-MM-DD'));
INSERT INTO PRODUCT_PRICE_TB
VALUES(TO_NUMBER('11800'||LPAD(SEQ_PRICE_NO.NEXTVAL,8,0)),'SC00003','202209SC01',
TO_DATE('2022-09-01','YYYY-MM-DD'),TO_DATE('2022-09-30','YYYY-MM-DD'));
-----기본 9월 행사 
INSERT INTO PRODUCT_PRICE_TB
VALUES(TO_NUMBER('11800'||LPAD(SEQ_PRICE_NO.NEXTVAL,8,0)),'SC00001','202209SC02',
TO_DATE('2022-09-13','YYYY-MM-DD'),TO_DATE('2022-09-17','YYYY-MM-DD'));
INSERT INTO PRODUCT_PRICE_TB
VALUES(TO_NUMBER('11800'||LPAD(SEQ_PRICE_NO.NEXTVAL,8,0)),'SC00002','202209SC02',
TO_DATE('2022-09-13','YYYY-MM-DD'),TO_DATE('2022-09-17','YYYY-MM-DD'));
--
INSERT INTO PRODUCT_PRICE_TB  
VALUES(TO_NUMBER('11800'||LPAD(SEQ_PRICE_NO.NEXTVAL,8,0)),'MU00001','202209MU01',
TO_DATE('2022-09-01','YYYY-MM-DD'),TO_DATE('2022-09-30','YYYY-MM-DD'));
INSERT INTO PRODUCT_PRICE_TB
VALUES(TO_NUMBER('11800'||LPAD(SEQ_PRICE_NO.NEXTVAL,8,0)),'MU00002','202209MU01',
TO_DATE('2022-09-01','YYYY-MM-DD'),TO_DATE('2022-09-30','YYYY-MM-DD'));
INSERT INTO PRODUCT_PRICE_TB	
VALUES(TO_NUMBER('11800'||LPAD(SEQ_PRICE_NO.NEXTVAL,8,0)),'MU00003','202209MU01',
TO_DATE('2022-09-01','YYYY-MM-DD'),TO_DATE('2022-09-30','YYYY-MM-DD'));
--
INSERT INTO PRODUCT_PRICE_TB
VALUES(TO_NUMBER('11800'||LPAD(SEQ_PRICE_NO.NEXTVAL,8,0)),'BC00002','202209BC01',
TO_DATE('2022-09-01','YYYY-MM-DD'),TO_DATE('2022-09-30','YYYY-MM-DD'));
INSERT INTO PRODUCT_PRICE_TB
VALUES(TO_NUMBER('11800'||LPAD(SEQ_PRICE_NO.NEXTVAL,8,0)),'BC00003','202209BC01',
TO_DATE('2022-09-01','YYYY-MM-DD'),TO_DATE('2022-09-30','YYYY-MM-DD'));
--
INSERT INTO PRODUCT_PRICE_TB
VALUES(TO_NUMBER('11800'||LPAD(SEQ_PRICE_NO.NEXTVAL,8,0)),'HC00001','202209HC01',
TO_DATE('2022-09-01','YYYY-MM-DD'),TO_DATE('2022-09-30','YYYY-MM-DD'));
INSERT INTO PRODUCT_PRICE_TB
VALUES(TO_NUMBER('11800'||LPAD(SEQ_PRICE_NO.NEXTVAL,8,0)),'HC00003','202209HC01',
TO_DATE('2022-09-01','YYYY-MM-DD'),TO_DATE('2022-09-30','YYYY-MM-DD'));
--
INSERT INTO PRODUCT_PRICE_TB
VALUES(TO_NUMBER('11800'||LPAD(SEQ_PRICE_NO.NEXTVAL,8,0)),'HC00001','202209HC02',
TO_DATE('2022-09-01','YYYY-MM-DD'),TO_DATE('2022-09-06','YYYY-MM-DD'));
INSERT INTO PRODUCT_PRICE_TB
VALUES(TO_NUMBER('11800'||LPAD(SEQ_PRICE_NO.NEXTVAL,8,0)),'HC00002','202209HC02',
TO_DATE('2022-09-01','YYYY-MM-DD'),TO_DATE('2022-09-06','YYYY-MM-DD'));
--바코드 추가할지고민중
-----------------------------------------------------------------------------------------------------------
--ORDER_TB------------------------------------------------------------------------여기서 막힘
--종각점
INSERT INTO ORDER_TB VALUES(SEQ_ORDER_NO.NEXTVAL,10,TO_DATE('2022-07-05','YYYY-MM-DD'),'SC00001','DM001','220705DM001');
INSERT INTO ORDER_TB VALUES(SEQ_ORDER_NO.NEXTVAL,10,TO_DATE('2022-07-05','YYYY-MM-DD'),'MU00001','DM001','220705DM001');
INSERT INTO ORDER_TB VALUES(SEQ_ORDER_NO.NEXTVAL,20,TO_DATE('2022-07-05','YYYY-MM-DD'),'MU00002','DM001','220705DM001');
INSERT INTO ORDER_TB VALUES(SEQ_ORDER_NO.NEXTVAL,15,TO_DATE('2022-07-05','YYYY-MM-DD'),'BC00003','DM001','220705DM001');
INSERT INTO ORDER_TB VALUES(SEQ_ORDER_NO.NEXTVAL,10,TO_DATE('2022-07-05','YYYY-MM-DD'),'HC00003','DM001','220705DM001');
--강남점
INSERT INTO ORDER_TB VALUES(SEQ_ORDER_NO.NEXTVAL,5,TO_DATE('2022-07-05','YYYY-MM-DD'),'SC00001','DM002','220705DM002');
INSERT INTO ORDER_TB VALUES(SEQ_ORDER_NO.NEXTVAL,15,TO_DATE('2022-07-05','YYYY-MM-DD'),'BC00001','DM002','220705DM002');
INSERT INTO ORDER_TB VALUES(SEQ_ORDER_NO.NEXTVAL,10,TO_DATE('2022-07-05','YYYY-MM-DD'),'BC00002','DM002','220705DM002');
INSERT INTO ORDER_TB VALUES(SEQ_ORDER_NO.NEXTVAL,30,TO_DATE('2022-07-05','YYYY-MM-DD'),'HC00001','DM002','220705DM002');
INSERT INTO ORDER_TB VALUES(SEQ_ORDER_NO.NEXTVAL,31,TO_DATE('2022-07-05','YYYY-MM-DD'),'HC00002','DM002','220705DM002');
--종각점
INSERT INTO ORDER_TB VALUES(SEQ_ORDER_NO.NEXTVAL,4,TO_DATE('2022-08-16','YYYY-MM-DD'),'SC00001','DM001','220816DM001');
INSERT INTO ORDER_TB VALUES(SEQ_ORDER_NO.NEXTVAL,8,TO_DATE('2022-08-16','YYYY-MM-DD'),'SC00002','DM001','220816DM001');
INSERT INTO ORDER_TB VALUES(SEQ_ORDER_NO.NEXTVAL,14,TO_DATE('2022-08-16','YYYY-MM-DD'),'MU00003','DM001','220816DM001');
INSERT INTO ORDER_TB VALUES(SEQ_ORDER_NO.NEXTVAL,3,TO_DATE('2022-08-16','YYYY-MM-DD'),'BC00001','DM001','220816DM001');
INSERT INTO ORDER_TB VALUES(SEQ_ORDER_NO.NEXTVAL,12,TO_DATE('2022-08-16','YYYY-MM-DD'),'HC00002','DM001','220816DM001');
--강남점
INSERT INTO ORDER_TB VALUES(SEQ_ORDER_NO.NEXTVAL,3,TO_DATE('2022-08-16','YYYY-MM-DD'),'SC00002','DM002','220816DM002');
INSERT INTO ORDER_TB VALUES(SEQ_ORDER_NO.NEXTVAL,5,TO_DATE('2022-08-16','YYYY-MM-DD'),'SC00003','DM002','220816DM002');
INSERT INTO ORDER_TB VALUES(SEQ_ORDER_NO.NEXTVAL,20,TO_DATE('2022-08-16','YYYY-MM-DD'),'BC00002','DM002','220816DM002');
INSERT INTO ORDER_TB VALUES(SEQ_ORDER_NO.NEXTVAL,10,TO_DATE('2022-08-16','YYYY-MM-DD'),'HC00001','DM002','220816DM002');
INSERT INTO ORDER_TB VALUES(SEQ_ORDER_NO.NEXTVAL,15,TO_DATE('2022-08-16','YYYY-MM-DD'),'HC00003','DM002','220816DM002');
--종각점
INSERT INTO ORDER_TB VALUES(SEQ_ORDER_NO.NEXTVAL,20,TO_DATE('2022-09-12','YYYY-MM-DD'),'SC00001','DM001','220912DM001');
INSERT INTO ORDER_TB VALUES(SEQ_ORDER_NO.NEXTVAL,11,TO_DATE('2022-09-12','YYYY-MM-DD'),'SC00002','DM001','220912DM001');
INSERT INTO ORDER_TB VALUES(SEQ_ORDER_NO.NEXTVAL,15,TO_DATE('2022-09-12','YYYY-MM-DD'),'SC00003','DM001','220912DM001');
INSERT INTO ORDER_TB VALUES(SEQ_ORDER_NO.NEXTVAL,3,TO_DATE('2022-09-12','YYYY-MM-DD'),'BC00001','DM001','220912DM001');
INSERT INTO ORDER_TB VALUES(SEQ_ORDER_NO.NEXTVAL,5,TO_DATE('2022-09-12','YYYY-MM-DD'),'BC00002','DM001','220912DM001');
--강남점
INSERT INTO ORDER_TB VALUES(SEQ_ORDER_NO.NEXTVAL,5,TO_DATE('2022-09-12','YYYY-MM-DD'),'SC00002','DM002','220912DM002');
INSERT INTO ORDER_TB VALUES(SEQ_ORDER_NO.NEXTVAL,20,TO_DATE('2022-09-12','YYYY-MM-DD'),'BC00001','DM002','220912DM002');
INSERT INTO ORDER_TB VALUES(SEQ_ORDER_NO.NEXTVAL,3,TO_DATE('2022-09-12','YYYY-MM-DD'),'BC00002','DM002','220912DM002');
INSERT INTO ORDER_TB VALUES(SEQ_ORDER_NO.NEXTVAL,10,TO_DATE('2022-09-12','YYYY-MM-DD'),'HC00001','DM002','220912DM002');
INSERT INTO ORDER_TB VALUES(SEQ_ORDER_NO.NEXTVAL,8,TO_DATE('2022-09-12','YYYY-MM-DD'),'HC00003','DM002','220912DM002');


---------------‐-------------------------------------------------
--재고 테이블 --SEQ_STOCK_NO
INSERT INTO STOCK_TB VALUES(SEQ_STOCK_NO.NEXTVAL,'IN',300,TO_DATE('2022-06-01','YYYY-MM-DD'),'Y','SC00001','DC',NULL);
INSERT INTO STOCK_TB VALUES(SEQ_STOCK_NO.NEXTVAL,'IN',300,TO_DATE('2022-06-01','YYYY-MM-DD'),'Y','SC00002','DC',NULL);
INSERT INTO STOCK_TB VALUES(SEQ_STOCK_NO.NEXTVAL,'IN',300,TO_DATE('2022-06-01','YYYY-MM-DD'),'Y','SC00003','DC',NULL);
INSERT INTO STOCK_TB VALUES(SEQ_STOCK_NO.NEXTVAL,'IN',300,TO_DATE('2022-06-01','YYYY-MM-DD'),'Y','MU00001','DC',NULL);
INSERT INTO STOCK_TB VALUES(SEQ_STOCK_NO.NEXTVAL,'IN',300,TO_DATE('2022-06-01','YYYY-MM-DD'),'Y','MU00002','DC',NULL);
INSERT INTO STOCK_TB VALUES(SEQ_STOCK_NO.NEXTVAL,'IN',300,TO_DATE('2022-06-01','YYYY-MM-DD'),'Y','MU00003','DC',NULL);
INSERT INTO STOCK_TB VALUES(SEQ_STOCK_NO.NEXTVAL,'IN',300,TO_DATE('2022-06-01','YYYY-MM-DD'),'Y','BC00001','DC',NULL);
INSERT INTO STOCK_TB VALUES(SEQ_STOCK_NO.NEXTVAL,'IN',300,TO_DATE('2022-06-01','YYYY-MM-DD'),'Y','BC00002','DC',NULL);
INSERT INTO STOCK_TB VALUES(SEQ_STOCK_NO.NEXTVAL,'IN',300,TO_DATE('2022-06-01','YYYY-MM-DD'),'Y','BC00003','DC',NULL);
INSERT INTO STOCK_TB VALUES(SEQ_STOCK_NO.NEXTVAL,'IN',300,TO_DATE('2022-06-01','YYYY-MM-DD'),'Y','HC00001','DC',NULL);
INSERT INTO STOCK_TB VALUES(SEQ_STOCK_NO.NEXTVAL,'IN',300,TO_DATE('2022-06-01','YYYY-MM-DD'),'Y','HC00002','DC',NULL);
INSERT INTO STOCK_TB VALUES(SEQ_STOCK_NO.NEXTVAL,'IN',300,TO_DATE('2022-06-01','YYYY-MM-DD'),'Y','HC00003','DC',NULL);

INSERT INTO STOCK_TB VALUES(SEQ_STOCK_NO.NEXTVAL,'OUT',10,TO_DATE('2022-07-05','YYYY-MM-DD'),'Y','SC00001','DC','DM001');
INSERT INTO STOCK_TB VALUES(SEQ_STOCK_NO.NEXTVAL,'OUT',10,TO_DATE('2022-07-05','YYYY-MM-DD'),'Y','MU00001','DC','DM001');
INSERT INTO STOCK_TB VALUES(SEQ_STOCK_NO.NEXTVAL,'OUT',20,TO_DATE('2022-07-05','YYYY-MM-DD'),'Y','MU00002','DC','DM001');
INSERT INTO STOCK_TB VALUES(SEQ_STOCK_NO.NEXTVAL,'OUT',15,TO_DATE('2022-07-05','YYYY-MM-DD'),'Y','BC00003','DC','DM001');
INSERT INTO STOCK_TB VALUES(SEQ_STOCK_NO.NEXTVAL,'OUT',10,TO_DATE('2022-07-05','YYYY-MM-DD'),'Y','HC00003','DC','DM001');

INSERT INTO STOCK_TB VALUES(SEQ_STOCK_NO.NEXTVAL,'OUT',5,TO_DATE('2022-07-05','YYYY-MM-DD'),'Y','SC00001','DC','DM002');
INSERT INTO STOCK_TB VALUES(SEQ_STOCK_NO.NEXTVAL,'OUT',15,TO_DATE('2022-07-05','YYYY-MM-DD'),'Y','BC00001','DC','DM002');
INSERT INTO STOCK_TB VALUES(SEQ_STOCK_NO.NEXTVAL,'OUT',10,TO_DATE('2022-07-05','YYYY-MM-DD'),'Y','BC00002','DC','DM002');
INSERT INTO STOCK_TB VALUES(SEQ_STOCK_NO.NEXTVAL,'OUT',30,TO_DATE('2022-07-05','YYYY-MM-DD'),'Y','HC00001','DC','DM002');
INSERT INTO STOCK_TB VALUES(SEQ_STOCK_NO.NEXTVAL,'OUT',31,TO_DATE('2022-07-05','YYYY-MM-DD'),'Y','HC00002','DC','DM002');

INSERT INTO STOCK_TB VALUES(SEQ_STOCK_NO.NEXTVAL,'OUT',4,TO_DATE('2022-08-16','YYYY-MM-DD'),'Y','SC00001','DC','DM001');
INSERT INTO STOCK_TB VALUES(SEQ_STOCK_NO.NEXTVAL,'OUT',8,TO_DATE('2022-08-16','YYYY-MM-DD'),'Y','SC00002','DC','DM001');
INSERT INTO STOCK_TB VALUES(SEQ_STOCK_NO.NEXTVAL,'OUT',14,TO_DATE('2022-08-16','YYYY-MM-DD'),'Y','MU00003','DC','DM001');
INSERT INTO STOCK_TB VALUES(SEQ_STOCK_NO.NEXTVAL,'OUT',3,TO_DATE('2022-08-16','YYYY-MM-DD'),'Y','BC00001','DC','DM001');
INSERT INTO STOCK_TB VALUES(SEQ_STOCK_NO.NEXTVAL,'OUT',12,TO_DATE('2022-08-16','YYYY-MM-DD'),'Y','HC00002','DC','DM001');

INSERT INTO STOCK_TB VALUES(SEQ_STOCK_NO.NEXTVAL,'OUT',3,TO_DATE('2022-08-16','YYYY-MM-DD'),'Y','SC00002','DC','DM002');
INSERT INTO STOCK_TB VALUES(SEQ_STOCK_NO.NEXTVAL,'OUT',5,TO_DATE('2022-08-16','YYYY-MM-DD'),'Y','SC00003','DC','DM002');
INSERT INTO STOCK_TB VALUES(SEQ_STOCK_NO.NEXTVAL,'OUT',20,TO_DATE('2022-08-16','YYYY-MM-DD'),'Y','BC00002','DC','DM002');
INSERT INTO STOCK_TB VALUES(SEQ_STOCK_NO.NEXTVAL,'OUT',10,TO_DATE('2022-08-16','YYYY-MM-DD'),'Y','HC00001','DC','DM002');
INSERT INTO STOCK_TB VALUES(SEQ_STOCK_NO.NEXTVAL,'OUT',15,TO_DATE('2022-08-16','YYYY-MM-DD'),'Y','HC00003','DC','DM002');

INSERT INTO STOCK_TB VALUES(SEQ_STOCK_NO.NEXTVAL,'OUT',20,TO_DATE('2022-09-12','YYYY-MM-DD'),'Y','SC00001','DC','DM001');
INSERT INTO STOCK_TB VALUES(SEQ_STOCK_NO.NEXTVAL,'OUT',11,TO_DATE('2022-09-12','YYYY-MM-DD'),'Y','SC00002','DC','DM001');
INSERT INTO STOCK_TB VALUES(SEQ_STOCK_NO.NEXTVAL,'OUT',15,TO_DATE('2022-09-12','YYYY-MM-DD'),'Y','SC00003','DC','DM001');
INSERT INTO STOCK_TB VALUES(SEQ_STOCK_NO.NEXTVAL,'OUT',3,TO_DATE('2022-09-12','YYYY-MM-DD'),'Y','BC00001','DC','DM001');
INSERT INTO STOCK_TB VALUES(SEQ_STOCK_NO.NEXTVAL,'OUT',5,TO_DATE('2022-09-12','YYYY-MM-DD'),'Y','BC00002','DC','DM001');

INSERT INTO STOCK_TB VALUES(SEQ_STOCK_NO.NEXTVAL,'OUT',5,TO_DATE('2022-09-12','YYYY-MM-DD'),'Y','SC00002','DC','DM002');
INSERT INTO STOCK_TB VALUES(SEQ_STOCK_NO.NEXTVAL,'OUT',20,TO_DATE('2022-09-12','YYYY-MM-DD'),'Y','BC00001','DC','DM002');
INSERT INTO STOCK_TB VALUES(SEQ_STOCK_NO.NEXTVAL,'OUT',3,TO_DATE('2022-09-12','YYYY-MM-DD'),'Y','BC00002','DC','DM002');
INSERT INTO STOCK_TB VALUES(SEQ_STOCK_NO.NEXTVAL,'OUT',10,TO_DATE('2022-09-12','YYYY-MM-DD'),'Y','HC00001','DC','DM002');
INSERT INTO STOCK_TB VALUES(SEQ_STOCK_NO.NEXTVAL,'OUT',8,TO_DATE('2022-09-12','YYYY-MM-DD'),'Y','HC00003','DC','DM002');
------------------------------------------------------------------------------------------
INSERT INTO STOCK_TB VALUES(SEQ_STOCK_NO.NEXTVAL,'IN',10,TO_DATE('2022-07-05','YYYY-MM-DD'),'Y','SC00001','DM001','DC');
INSERT INTO STOCK_TB VALUES(SEQ_STOCK_NO.NEXTVAL,'IN',10,TO_DATE('2022-07-05','YYYY-MM-DD'),'Y','MU00001','DM001','DC');
INSERT INTO STOCK_TB VALUES(SEQ_STOCK_NO.NEXTVAL,'IN',20,TO_DATE('2022-07-05','YYYY-MM-DD'),'Y','MU00002','DM001','DC');
INSERT INTO STOCK_TB VALUES(SEQ_STOCK_NO.NEXTVAL,'IN',15,TO_DATE('2022-07-05','YYYY-MM-DD'),'Y','BC00003','DM001','DC');
INSERT INTO STOCK_TB VALUES(SEQ_STOCK_NO.NEXTVAL,'IN',10,TO_DATE('2022-07-05','YYYY-MM-DD'),'Y','HC00003','DM001','DC');

INSERT INTO STOCK_TB VALUES(SEQ_STOCK_NO.NEXTVAL,'IN',5,TO_DATE('2022-07-05','YYYY-MM-DD'),'Y','SC00001','DM002','DC');
INSERT INTO STOCK_TB VALUES(SEQ_STOCK_NO.NEXTVAL,'IN',15,TO_DATE('2022-07-05','YYYY-MM-DD'),'Y','BC00001','DM002','DC');
INSERT INTO STOCK_TB VALUES(SEQ_STOCK_NO.NEXTVAL,'IN',10,TO_DATE('2022-07-05','YYYY-MM-DD'),'Y','BC00002','DM002','DC');
INSERT INTO STOCK_TB VALUES(SEQ_STOCK_NO.NEXTVAL,'IN',30,TO_DATE('2022-07-05','YYYY-MM-DD'),'Y','HC00001','DM002','DC');
INSERT INTO STOCK_TB VALUES(SEQ_STOCK_NO.NEXTVAL,'IN',31,TO_DATE('2022-07-05','YYYY-MM-DD'),'Y','HC00002','DM002','DC');

INSERT INTO STOCK_TB VALUES(SEQ_STOCK_NO.NEXTVAL,'IN',4,TO_DATE('2022-08-16','YYYY-MM-DD'),'Y','SC00001','DC','DM001');
INSERT INTO STOCK_TB VALUES(SEQ_STOCK_NO.NEXTVAL,'IN',8,TO_DATE('2022-08-16','YYYY-MM-DD'),'Y','SC00002','DC','DM001');
INSERT INTO STOCK_TB VALUES(SEQ_STOCK_NO.NEXTVAL,'IN',14,TO_DATE('2022-08-16','YYYY-MM-DD'),'Y','MU00003','DC','DM001');
INSERT INTO STOCK_TB VALUES(SEQ_STOCK_NO.NEXTVAL,'IN',3,TO_DATE('2022-08-16','YYYY-MM-DD'),'Y','BC00001','DC','DM001');
INSERT INTO STOCK_TB VALUES(SEQ_STOCK_NO.NEXTVAL,'IN',12,TO_DATE('2022-08-16','YYYY-MM-DD'),'Y','HC00002','DC','DM001');

INSERT INTO STOCK_TB VALUES(SEQ_STOCK_NO.NEXTVAL,'IN',3,TO_DATE('2022-08-16','YYYY-MM-DD'),'Y','SC00002','DM002','DC');
INSERT INTO STOCK_TB VALUES(SEQ_STOCK_NO.NEXTVAL,'IN',5,TO_DATE('2022-08-16','YYYY-MM-DD'),'Y','SC00003','DM002','DC');
INSERT INTO STOCK_TB VALUES(SEQ_STOCK_NO.NEXTVAL,'IN',20,TO_DATE('2022-08-16','YYYY-MM-DD'),'Y','BC00002','DM002','DC');
INSERT INTO STOCK_TB VALUES(SEQ_STOCK_NO.NEXTVAL,'IN',10,TO_DATE('2022-08-16','YYYY-MM-DD'),'Y','HC00001','DM002','DC');
INSERT INTO STOCK_TB VALUES(SEQ_STOCK_NO.NEXTVAL,'IN',15,TO_DATE('2022-08-16','YYYY-MM-DD'),'Y','HC00003','DM002','DC');

INSERT INTO STOCK_TB VALUES(SEQ_STOCK_NO.NEXTVAL,'IN',20,TO_DATE('2022-09-12','YYYY-MM-DD'),'Y','SC00001','DM001','DC');
INSERT INTO STOCK_TB VALUES(SEQ_STOCK_NO.NEXTVAL,'IN',11,TO_DATE('2022-09-12','YYYY-MM-DD'),'Y','SC00002','DM001','DC');
INSERT INTO STOCK_TB VALUES(SEQ_STOCK_NO.NEXTVAL,'IN',15,TO_DATE('2022-09-12','YYYY-MM-DD'),'Y','SC00003','DM001','DC');
INSERT INTO STOCK_TB VALUES(SEQ_STOCK_NO.NEXTVAL,'IN',3,TO_DATE('2022-09-12','YYYY-MM-DD'),'Y','BC00001','DM001','DC');
INSERT INTO STOCK_TB VALUES(SEQ_STOCK_NO.NEXTVAL,'IN',5,TO_DATE('2022-09-12','YYYY-MM-DD'),'Y','BC00002','DM001','DC');

INSERT INTO STOCK_TB VALUES(SEQ_STOCK_NO.NEXTVAL,'IN',5,TO_DATE('2022-09-12','YYYY-MM-DD'),'Y','SC00002','DM002','DC');
INSERT INTO STOCK_TB VALUES(SEQ_STOCK_NO.NEXTVAL,'IN',20,TO_DATE('2022-09-12','YYYY-MM-DD'),'Y','BC00001','DM002','DC');
INSERT INTO STOCK_TB VALUES(SEQ_STOCK_NO.NEXTVAL,'IN',3,TO_DATE('2022-09-12','YYYY-MM-DD'),'Y','BC00002','DM002','DC');
INSERT INTO STOCK_TB VALUES(SEQ_STOCK_NO.NEXTVAL,'IN',10,TO_DATE('2022-09-12','YYYY-MM-DD'),'Y','HC00001','DM002','DC');
INSERT INTO STOCK_TB VALUES(SEQ_STOCK_NO.NEXTVAL,'IN',8,TO_DATE('2022-09-12','YYYY-MM-DD'),'Y','HC00003','DM002','DC');

INSERT INTO STOCK_TB VALUES(SEQ_STOCK_NO.NEXTVAL,'IN',1,TO_DATE('2022-08-12','YYYY-MM-DD'),'Y','HC00001','DM001','DM002');
INSERT INTO STOCK_TB VALUES(SEQ_STOCK_NO.NEXTVAL,'OUT',1,TO_DATE('2022-08-12','YYYY-MM-DD'),'Y','HC00001','DM002','DM001');

INSERT INTO STOCK_TB VALUES(SEQ_STOCK_NO.NEXTVAL,'IN',1,TO_DATE('2022-09-25','YYYY-MM-DD'),'N','BC00001','DM001','DM002');
INSERT INTO STOCK_TB VALUES(SEQ_STOCK_NO.NEXTVAL,'OUT',1,TO_DATE('2022-08-25','YYYY-MM-DD'),'N','BC00001','DM002','DM001');

INSERT INTO STOCK_TB VALUES(SEQ_STOCK_NO.NEXTVAL,'OUT',2,TO_DATE('2022-07-12','YYYY-MM-DD'),'Y','HC00001','DM001',NULL);
INSERT INTO STOCK_TB VALUES(SEQ_STOCK_NO.NEXTVAL,'OUT',1,TO_DATE('2022-07-12','YYYY-MM-DD'),'Y','BC00001','DM001',NULL);
INSERT INTO STOCK_TB VALUES(SEQ_STOCK_NO.NEXTVAL,'OUT',3,TO_DATE('2022-07-12','YYYY-MM-DD'),'Y','MU00001','DM001',NULL);

INSERT INTO STOCK_TB VALUES(SEQ_STOCK_NO.NEXTVAL,'OUT',5,TO_DATE('2022-07-20','YYYY-MM-DD'),'Y','SC00001','DM001',NULL);
INSERT INTO STOCK_TB VALUES(SEQ_STOCK_NO.NEXTVAL,'OUT',2,TO_DATE('2022-07-20','YYYY-MM-DD'),'Y','BC00001','DM001',NULL);
INSERT INTO STOCK_TB VALUES(SEQ_STOCK_NO.NEXTVAL,'OUT',3,TO_DATE('2022-07-20','YYYY-MM-DD'),'Y','HC00001','DM001',NULL);

INSERT INTO STOCK_TB VALUES(SEQ_STOCK_NO.NEXTVAL,'OUT',2,TO_DATE('2022-08-12','YYYY-MM-DD'),'Y','HC00001','DM001',NULL);
INSERT INTO STOCK_TB VALUES(SEQ_STOCK_NO.NEXTVAL,'OUT',1,TO_DATE('2022-08-12','YYYY-MM-DD'),'Y','BC00001','DM001',NULL);
INSERT INTO STOCK_TB VALUES(SEQ_STOCK_NO.NEXTVAL,'OUT',3,TO_DATE('2022-08-12','YYYY-MM-DD'),'Y','MU00001','DM001',NULL);

INSERT INTO STOCK_TB VALUES(SEQ_STOCK_NO.NEXTVAL,'OUT',5,TO_DATE('2022-08-20','YYYY-MM-DD'),'Y','SC00001','DM001',NULL);
INSERT INTO STOCK_TB VALUES(SEQ_STOCK_NO.NEXTVAL,'OUT',2,TO_DATE('2022-08-20','YYYY-MM-DD'),'Y','BC00001','DM001',NULL);
INSERT INTO STOCK_TB VALUES(SEQ_STOCK_NO.NEXTVAL,'OUT',3,TO_DATE('2022-08-20','YYYY-MM-DD'),'Y','HC00001','DM001',NULL);


INSERT INTO STOCK_TB VALUES(SEQ_STOCK_NO.NEXTVAL,'OUT',5,TO_DATE('2022-08-12','YYYY-MM-DD'),'Y','HC00001','DM002',NULL);
INSERT INTO STOCK_TB VALUES(SEQ_STOCK_NO.NEXTVAL,'OUT',9,TO_DATE('2022-08-12','YYYY-MM-DD'),'Y','BC00001','DM002',NULL);
INSERT INTO STOCK_TB VALUES(SEQ_STOCK_NO.NEXTVAL,'OUT',2,TO_DATE('2022-08-12','YYYY-MM-DD'),'Y','MU00001','DM002',NULL);

INSERT INTO STOCK_TB VALUES(SEQ_STOCK_NO.NEXTVAL,'OUT',6,TO_DATE('2022-08-20','YYYY-MM-DD'),'Y','SC00001','DM002',NULL);
INSERT INTO STOCK_TB VALUES(SEQ_STOCK_NO.NEXTVAL,'OUT',7,TO_DATE('2022-08-20','YYYY-MM-DD'),'Y','BC00001','DM002',NULL);
INSERT INTO STOCK_TB VALUES(SEQ_STOCK_NO.NEXTVAL,'OUT',3,TO_DATE('2022-08-20','YYYY-MM-DD'),'Y','HC00001','DM002',NULL);

UPDATE STOCK_TB SET IN_OUT_SALES_ST = 'SALES' WHERE STOCK_NO >= 77;
-----------------------------------------------------------------
--스케줄 테이블
--CREATE TABLE SCHEDULE_TB(
--   SCHEDULE_NO VARCHAR2(4000) CONSTRAINT PK_SCHEDULE_TB PRIMARY KEY,
--   EMP_NO VARCHAR2(50) NOT NULL,           -----
--   TEAM_CODE VARCHAR2(50) NOT NULL,        -----
--   SCHEDULE_DATE DATE,
--   OFF_YN CHAR(1) CONSTRAINT CK_OFF_YN CHECK(OFF_YN IN('Y','N')),
--   CONSTRAINT FK_SCHEDULE_EMP_NO FOREIGN KEY(EMP_NO) REFERENCES "EMP_TB",
--   CONSTRAINT FK_SCHEDULE_TEAM_CODE FOREIGN KEY(TEAM_CODE) REFERENCES "TEAM_TB"
--);
--CREATE SEQUENCE SEQ_SCHEDULE_NO
--INSERT INTO EMP_TB VALUES('20050001','20050001','passDM001','DM001','SM','SA','김점장','890615-2000000',TO_DATE('2005-01-01','YYYY-MM-DD'),NULL,DEFAULT);  --종로
--INSERT INTO EMP_TB VALUES('20050003','20050003','passA','DM001','SM','A','김부점','911218-1000000',TO_DATE('2005-12-01','YYYY-MM-DD'),NULL,DEFAULT);
--INSERT INTO EMP_TB VALUES('20070001','20070001','passJA','DM001','SM','JA','김사원','950707-2000000',TO_DATE('2007-06-01','YYYY-MM-DD'),NULL,DEFAULT);
--INSERT INTO EMP_TB VALUES('20050002','20050002','passDM002','DM002','SM','SA','김점강','851119-1000000',TO_DATE('2005-01-01','YYYY-MM-DD'),NULL,DEFAULT);  --강남
--INSERT INTO EMP_TB VALUES('20050004','20050004','pass0A','DM002','SM','A','김부강','900128-2000000',TO_DATE('2005-11-01','YYYY-MM-DD'),NULL,DEFAULT);
--INSERT INTO EMP_TB VALUES('20070002','20070002','pass0JA','DM002','SM','JA','김사강','961226-2000000',TO_DATE('2007-06-01','YYYY-MM-DD'),NULL,DEFAULT);

INSERT INTO SCHEDULE_TB VALUES(SEQ_SCHEDULE_NO.NEXTVAL,'20050001','DM001',TO_DATE('2022-09-01','YYYY-MM-DD'),'N');
INSERT INTO SCHEDULE_TB VALUES(SEQ_SCHEDULE_NO.NEXTVAL,'20050001','DM001',TO_DATE('2022-09-02','YYYY-MM-DD'),'Y');
INSERT INTO SCHEDULE_TB VALUES(SEQ_SCHEDULE_NO.NEXTVAL,'20050001','DM001',TO_DATE('2022-09-03','YYYY-MM-DD'),'Y');
INSERT INTO SCHEDULE_TB VALUES(SEQ_SCHEDULE_NO.NEXTVAL,'20050001','DM001',TO_DATE('2022-09-04','YYYY-MM-DD'),'N');
INSERT INTO SCHEDULE_TB VALUES(SEQ_SCHEDULE_NO.NEXTVAL,'20050001','DM001',TO_DATE('2022-09-05','YYYY-MM-DD'),'N');
INSERT INTO SCHEDULE_TB VALUES(SEQ_SCHEDULE_NO.NEXTVAL,'20050001','DM001',TO_DATE('2022-09-06','YYYY-MM-DD'),'N');
INSERT INTO SCHEDULE_TB VALUES(SEQ_SCHEDULE_NO.NEXTVAL,'20050001','DM001',TO_DATE('2022-09-07','YYYY-MM-DD'),'N');
INSERT INTO SCHEDULE_TB VALUES(SEQ_SCHEDULE_NO.NEXTVAL,'20050001','DM001',TO_DATE('2022-09-08','YYYY-MM-DD'),'Y');
INSERT INTO SCHEDULE_TB VALUES(SEQ_SCHEDULE_NO.NEXTVAL,'20050001','DM001',TO_DATE('2022-09-09','YYYY-MM-DD'),'Y');
INSERT INTO SCHEDULE_TB VALUES(SEQ_SCHEDULE_NO.NEXTVAL,'20050001','DM001',TO_DATE('2022-09-10','YYYY-MM-DD'),'N');
INSERT INTO SCHEDULE_TB VALUES(SEQ_SCHEDULE_NO.NEXTVAL,'20050001','DM001',TO_DATE('2022-09-11','YYYY-MM-DD'),'N');
INSERT INTO SCHEDULE_TB VALUES(SEQ_SCHEDULE_NO.NEXTVAL,'20050001','DM001',TO_DATE('2022-09-12','YYYY-MM-DD'),'N');
INSERT INTO SCHEDULE_TB VALUES(SEQ_SCHEDULE_NO.NEXTVAL,'20050001','DM001',TO_DATE('2022-09-13','YYYY-MM-DD'),'Y');
INSERT INTO SCHEDULE_TB VALUES(SEQ_SCHEDULE_NO.NEXTVAL,'20050001','DM001',TO_DATE('2022-09-14','YYYY-MM-DD'),'N');
INSERT INTO SCHEDULE_TB VALUES(SEQ_SCHEDULE_NO.NEXTVAL,'20050001','DM001',TO_DATE('2022-09-15','YYYY-MM-DD'),'N');
INSERT INTO SCHEDULE_TB VALUES(SEQ_SCHEDULE_NO.NEXTVAL,'20050001','DM001',TO_DATE('2022-09-16','YYYY-MM-DD'),'Y');
INSERT INTO SCHEDULE_TB VALUES(SEQ_SCHEDULE_NO.NEXTVAL,'20050001','DM001',TO_DATE('2022-09-17','YYYY-MM-DD'),'N');
INSERT INTO SCHEDULE_TB VALUES(SEQ_SCHEDULE_NO.NEXTVAL,'20050001','DM001',TO_DATE('2022-09-18','YYYY-MM-DD'),'Y');
INSERT INTO SCHEDULE_TB VALUES(SEQ_SCHEDULE_NO.NEXTVAL,'20050001','DM001',TO_DATE('2022-09-19','YYYY-MM-DD'),'N');
INSERT INTO SCHEDULE_TB VALUES(SEQ_SCHEDULE_NO.NEXTVAL,'20050001','DM001',TO_DATE('2022-09-20','YYYY-MM-DD'),'N');
INSERT INTO SCHEDULE_TB VALUES(SEQ_SCHEDULE_NO.NEXTVAL,'20050001','DM001',TO_DATE('2022-09-21','YYYY-MM-DD'),'N');
INSERT INTO SCHEDULE_TB VALUES(SEQ_SCHEDULE_NO.NEXTVAL,'20050001','DM001',TO_DATE('2022-09-22','YYYY-MM-DD'),'N');
INSERT INTO SCHEDULE_TB VALUES(SEQ_SCHEDULE_NO.NEXTVAL,'20050001','DM001',TO_DATE('2022-09-23','YYYY-MM-DD'),'N');
INSERT INTO SCHEDULE_TB VALUES(SEQ_SCHEDULE_NO.NEXTVAL,'20050001','DM001',TO_DATE('2022-09-24','YYYY-MM-DD'),'N');
INSERT INTO SCHEDULE_TB VALUES(SEQ_SCHEDULE_NO.NEXTVAL,'20050001','DM001',TO_DATE('2022-09-25','YYYY-MM-DD'),'N');
INSERT INTO SCHEDULE_TB VALUES(SEQ_SCHEDULE_NO.NEXTVAL,'20050001','DM001',TO_DATE('2022-09-26','YYYY-MM-DD'),'N');
INSERT INTO SCHEDULE_TB VALUES(SEQ_SCHEDULE_NO.NEXTVAL,'20050001','DM001',TO_DATE('2022-09-27','YYYY-MM-DD'),'Y');
INSERT INTO SCHEDULE_TB VALUES(SEQ_SCHEDULE_NO.NEXTVAL,'20050001','DM001',TO_DATE('2022-09-28','YYYY-MM-DD'),'Y');
INSERT INTO SCHEDULE_TB VALUES(SEQ_SCHEDULE_NO.NEXTVAL,'20050001','DM001',TO_DATE('2022-09-29','YYYY-MM-DD'),'N');
INSERT INTO SCHEDULE_TB VALUES(SEQ_SCHEDULE_NO.NEXTVAL,'20050001','DM001',TO_DATE('2022-09-30','YYYY-MM-DD'),'N');
---
INSERT INTO SCHEDULE_TB VALUES(SEQ_SCHEDULE_NO.NEXTVAL,'20050003','DM001',TO_DATE('2022-09-01','YYYY-MM-DD'),'N');
INSERT INTO SCHEDULE_TB VALUES(SEQ_SCHEDULE_NO.NEXTVAL,'20050003','DM001',TO_DATE('2022-09-02','YYYY-MM-DD'),'N');
INSERT INTO SCHEDULE_TB VALUES(SEQ_SCHEDULE_NO.NEXTVAL,'20050003','DM001',TO_DATE('2022-09-03','YYYY-MM-DD'),'Y');
INSERT INTO SCHEDULE_TB VALUES(SEQ_SCHEDULE_NO.NEXTVAL,'20050003','DM001',TO_DATE('2022-09-04','YYYY-MM-DD'),'N');
INSERT INTO SCHEDULE_TB VALUES(SEQ_SCHEDULE_NO.NEXTVAL,'20050003','DM001',TO_DATE('2022-09-05','YYYY-MM-DD'),'N');
INSERT INTO SCHEDULE_TB VALUES(SEQ_SCHEDULE_NO.NEXTVAL,'20050003','DM001',TO_DATE('2022-09-06','YYYY-MM-DD'),'N');
INSERT INTO SCHEDULE_TB VALUES(SEQ_SCHEDULE_NO.NEXTVAL,'20050003','DM001',TO_DATE('2022-09-07','YYYY-MM-DD'),'Y');
INSERT INTO SCHEDULE_TB VALUES(SEQ_SCHEDULE_NO.NEXTVAL,'20050003','DM001',TO_DATE('2022-09-08','YYYY-MM-DD'),'N');
INSERT INTO SCHEDULE_TB VALUES(SEQ_SCHEDULE_NO.NEXTVAL,'20050003','DM001',TO_DATE('2022-09-09','YYYY-MM-DD'),'N');
INSERT INTO SCHEDULE_TB VALUES(SEQ_SCHEDULE_NO.NEXTVAL,'20050003','DM001',TO_DATE('2022-09-10','YYYY-MM-DD'),'N');
INSERT INTO SCHEDULE_TB VALUES(SEQ_SCHEDULE_NO.NEXTVAL,'20050003','DM001',TO_DATE('2022-09-11','YYYY-MM-DD'),'N');
INSERT INTO SCHEDULE_TB VALUES(SEQ_SCHEDULE_NO.NEXTVAL,'20050003','DM001',TO_DATE('2022-09-12','YYYY-MM-DD'),'Y');
INSERT INTO SCHEDULE_TB VALUES(SEQ_SCHEDULE_NO.NEXTVAL,'20050003','DM001',TO_DATE('2022-09-13','YYYY-MM-DD'),'N');
INSERT INTO SCHEDULE_TB VALUES(SEQ_SCHEDULE_NO.NEXTVAL,'20050003','DM001',TO_DATE('2022-09-14','YYYY-MM-DD'),'N');
INSERT INTO SCHEDULE_TB VALUES(SEQ_SCHEDULE_NO.NEXTVAL,'20050003','DM001',TO_DATE('2022-09-15','YYYY-MM-DD'),'N');
INSERT INTO SCHEDULE_TB VALUES(SEQ_SCHEDULE_NO.NEXTVAL,'20050003','DM001',TO_DATE('2022-09-16','YYYY-MM-DD'),'N');
INSERT INTO SCHEDULE_TB VALUES(SEQ_SCHEDULE_NO.NEXTVAL,'20050003','DM001',TO_DATE('2022-09-17','YYYY-MM-DD'),'Y');
INSERT INTO SCHEDULE_TB VALUES(SEQ_SCHEDULE_NO.NEXTVAL,'20050003','DM001',TO_DATE('2022-09-18','YYYY-MM-DD'),'Y');
INSERT INTO SCHEDULE_TB VALUES(SEQ_SCHEDULE_NO.NEXTVAL,'20050003','DM001',TO_DATE('2022-09-19','YYYY-MM-DD'),'N');
INSERT INTO SCHEDULE_TB VALUES(SEQ_SCHEDULE_NO.NEXTVAL,'20050003','DM001',TO_DATE('2022-09-20','YYYY-MM-DD'),'N');
INSERT INTO SCHEDULE_TB VALUES(SEQ_SCHEDULE_NO.NEXTVAL,'20050003','DM001',TO_DATE('2022-09-21','YYYY-MM-DD'),'N');
INSERT INTO SCHEDULE_TB VALUES(SEQ_SCHEDULE_NO.NEXTVAL,'20050003','DM001',TO_DATE('2022-09-22','YYYY-MM-DD'),'Y');
INSERT INTO SCHEDULE_TB VALUES(SEQ_SCHEDULE_NO.NEXTVAL,'20050003','DM001',TO_DATE('2022-09-23','YYYY-MM-DD'),'N');
INSERT INTO SCHEDULE_TB VALUES(SEQ_SCHEDULE_NO.NEXTVAL,'20050003','DM001',TO_DATE('2022-09-24','YYYY-MM-DD'),'N');
INSERT INTO SCHEDULE_TB VALUES(SEQ_SCHEDULE_NO.NEXTVAL,'20050003','DM001',TO_DATE('2022-09-25','YYYY-MM-DD'),'N');
INSERT INTO SCHEDULE_TB VALUES(SEQ_SCHEDULE_NO.NEXTVAL,'20050003','DM001',TO_DATE('2022-09-26','YYYY-MM-DD'),'N');
INSERT INTO SCHEDULE_TB VALUES(SEQ_SCHEDULE_NO.NEXTVAL,'20050003','DM001',TO_DATE('2022-09-27','YYYY-MM-DD'),'N');
INSERT INTO SCHEDULE_TB VALUES(SEQ_SCHEDULE_NO.NEXTVAL,'20050003','DM001',TO_DATE('2022-09-28','YYYY-MM-DD'),'Y');
INSERT INTO SCHEDULE_TB VALUES(SEQ_SCHEDULE_NO.NEXTVAL,'20050003','DM001',TO_DATE('2022-09-29','YYYY-MM-DD'),'Y');
INSERT INTO SCHEDULE_TB VALUES(SEQ_SCHEDULE_NO.NEXTVAL,'20050003','DM001',TO_DATE('2022-09-30','YYYY-MM-DD'),'Y');
--
INSERT INTO SCHEDULE_TB VALUES(SEQ_SCHEDULE_NO.NEXTVAL,'20070001','DM001',TO_DATE('2022-09-01','YYYY-MM-DD'),'Y');
INSERT INTO SCHEDULE_TB VALUES(SEQ_SCHEDULE_NO.NEXTVAL,'20070001','DM001',TO_DATE('2022-09-02','YYYY-MM-DD'),'N');
INSERT INTO SCHEDULE_TB VALUES(SEQ_SCHEDULE_NO.NEXTVAL,'20070001','DM001',TO_DATE('2022-09-03','YYYY-MM-DD'),'N');
INSERT INTO SCHEDULE_TB VALUES(SEQ_SCHEDULE_NO.NEXTVAL,'20070001','DM001',TO_DATE('2022-09-04','YYYY-MM-DD'),'Y');
INSERT INTO SCHEDULE_TB VALUES(SEQ_SCHEDULE_NO.NEXTVAL,'20070001','DM001',TO_DATE('2022-09-05','YYYY-MM-DD'),'Y');
INSERT INTO SCHEDULE_TB VALUES(SEQ_SCHEDULE_NO.NEXTVAL,'20070001','DM001',TO_DATE('2022-09-06','YYYY-MM-DD'),'N');
INSERT INTO SCHEDULE_TB VALUES(SEQ_SCHEDULE_NO.NEXTVAL,'20070001','DM001',TO_DATE('2022-09-07','YYYY-MM-DD'),'N');
INSERT INTO SCHEDULE_TB VALUES(SEQ_SCHEDULE_NO.NEXTVAL,'20070001','DM001',TO_DATE('2022-09-08','YYYY-MM-DD'),'N');
INSERT INTO SCHEDULE_TB VALUES(SEQ_SCHEDULE_NO.NEXTVAL,'20070001','DM001',TO_DATE('2022-09-09','YYYY-MM-DD'),'Y');
INSERT INTO SCHEDULE_TB VALUES(SEQ_SCHEDULE_NO.NEXTVAL,'20070001','DM001',TO_DATE('2022-09-10','YYYY-MM-DD'),'Y');
INSERT INTO SCHEDULE_TB VALUES(SEQ_SCHEDULE_NO.NEXTVAL,'20070001','DM001',TO_DATE('2022-09-11','YYYY-MM-DD'),'N');
INSERT INTO SCHEDULE_TB VALUES(SEQ_SCHEDULE_NO.NEXTVAL,'20070001','DM001',TO_DATE('2022-09-12','YYYY-MM-DD'),'N');
INSERT INTO SCHEDULE_TB VALUES(SEQ_SCHEDULE_NO.NEXTVAL,'20070001','DM001',TO_DATE('2022-09-13','YYYY-MM-DD'),'N');
INSERT INTO SCHEDULE_TB VALUES(SEQ_SCHEDULE_NO.NEXTVAL,'20070001','DM001',TO_DATE('2022-09-14','YYYY-MM-DD'),'N');
INSERT INTO SCHEDULE_TB VALUES(SEQ_SCHEDULE_NO.NEXTVAL,'20070001','DM001',TO_DATE('2022-09-15','YYYY-MM-DD'),'Y');
INSERT INTO SCHEDULE_TB VALUES(SEQ_SCHEDULE_NO.NEXTVAL,'20070001','DM001',TO_DATE('2022-09-16','YYYY-MM-DD'),'N');
INSERT INTO SCHEDULE_TB VALUES(SEQ_SCHEDULE_NO.NEXTVAL,'20070001','DM001',TO_DATE('2022-09-17','YYYY-MM-DD'),'N');
INSERT INTO SCHEDULE_TB VALUES(SEQ_SCHEDULE_NO.NEXTVAL,'20070001','DM001',TO_DATE('2022-09-18','YYYY-MM-DD'),'N');
INSERT INTO SCHEDULE_TB VALUES(SEQ_SCHEDULE_NO.NEXTVAL,'20070001','DM001',TO_DATE('2022-09-19','YYYY-MM-DD'),'N');
INSERT INTO SCHEDULE_TB VALUES(SEQ_SCHEDULE_NO.NEXTVAL,'20070001','DM001',TO_DATE('2022-09-20','YYYY-MM-DD'),'Y');
INSERT INTO SCHEDULE_TB VALUES(SEQ_SCHEDULE_NO.NEXTVAL,'20070001','DM001',TO_DATE('2022-09-21','YYYY-MM-DD'),'N');
INSERT INTO SCHEDULE_TB VALUES(SEQ_SCHEDULE_NO.NEXTVAL,'20070001','DM001',TO_DATE('2022-09-22','YYYY-MM-DD'),'N');
INSERT INTO SCHEDULE_TB VALUES(SEQ_SCHEDULE_NO.NEXTVAL,'20070001','DM001',TO_DATE('2022-09-23','YYYY-MM-DD'),'N');
INSERT INTO SCHEDULE_TB VALUES(SEQ_SCHEDULE_NO.NEXTVAL,'20070001','DM001',TO_DATE('2022-09-24','YYYY-MM-DD'),'N');
INSERT INTO SCHEDULE_TB VALUES(SEQ_SCHEDULE_NO.NEXTVAL,'20070001','DM001',TO_DATE('2022-09-25','YYYY-MM-DD'),'Y');
INSERT INTO SCHEDULE_TB VALUES(SEQ_SCHEDULE_NO.NEXTVAL,'20070001','DM001',TO_DATE('2022-09-26','YYYY-MM-DD'),'N');
INSERT INTO SCHEDULE_TB VALUES(SEQ_SCHEDULE_NO.NEXTVAL,'20070001','DM001',TO_DATE('2022-09-27','YYYY-MM-DD'),'N');
INSERT INTO SCHEDULE_TB VALUES(SEQ_SCHEDULE_NO.NEXTVAL,'20070001','DM001',TO_DATE('2022-09-28','YYYY-MM-DD'),'N');
INSERT INTO SCHEDULE_TB VALUES(SEQ_SCHEDULE_NO.NEXTVAL,'20070001','DM001',TO_DATE('2022-09-29','YYYY-MM-DD'),'Y');
INSERT INTO SCHEDULE_TB VALUES(SEQ_SCHEDULE_NO.NEXTVAL,'20070001','DM001',TO_DATE('2022-09-30','YYYY-MM-DD'),'N');
--강남점 스케줄

INSERT INTO SCHEDULE_TB VALUES(SEQ_SCHEDULE_NO.NEXTVAL,'20050002','DM002',TO_DATE('2022-09-01','YYYY-MM-DD'),'N');
INSERT INTO SCHEDULE_TB VALUES(SEQ_SCHEDULE_NO.NEXTVAL,'20050002','DM002',TO_DATE('2022-09-02','YYYY-MM-DD'),'Y');
INSERT INTO SCHEDULE_TB VALUES(SEQ_SCHEDULE_NO.NEXTVAL,'20050002','DM002',TO_DATE('2022-09-03','YYYY-MM-DD'),'Y');
INSERT INTO SCHEDULE_TB VALUES(SEQ_SCHEDULE_NO.NEXTVAL,'20050002','DM002',TO_DATE('2022-09-04','YYYY-MM-DD'),'N');
INSERT INTO SCHEDULE_TB VALUES(SEQ_SCHEDULE_NO.NEXTVAL,'20050002','DM002',TO_DATE('2022-09-05','YYYY-MM-DD'),'N');
INSERT INTO SCHEDULE_TB VALUES(SEQ_SCHEDULE_NO.NEXTVAL,'20050002','DM002',TO_DATE('2022-09-06','YYYY-MM-DD'),'N');
INSERT INTO SCHEDULE_TB VALUES(SEQ_SCHEDULE_NO.NEXTVAL,'20050002','DM002',TO_DATE('2022-09-07','YYYY-MM-DD'),'N');
INSERT INTO SCHEDULE_TB VALUES(SEQ_SCHEDULE_NO.NEXTVAL,'20050002','DM002',TO_DATE('2022-09-08','YYYY-MM-DD'),'Y');
INSERT INTO SCHEDULE_TB VALUES(SEQ_SCHEDULE_NO.NEXTVAL,'20050002','DM002',TO_DATE('2022-09-09','YYYY-MM-DD'),'Y');
INSERT INTO SCHEDULE_TB VALUES(SEQ_SCHEDULE_NO.NEXTVAL,'20050002','DM002',TO_DATE('2022-09-10','YYYY-MM-DD'),'N');
INSERT INTO SCHEDULE_TB VALUES(SEQ_SCHEDULE_NO.NEXTVAL,'20050002','DM002',TO_DATE('2022-09-11','YYYY-MM-DD'),'N');
INSERT INTO SCHEDULE_TB VALUES(SEQ_SCHEDULE_NO.NEXTVAL,'20050002','DM002',TO_DATE('2022-09-12','YYYY-MM-DD'),'N');
INSERT INTO SCHEDULE_TB VALUES(SEQ_SCHEDULE_NO.NEXTVAL,'20050002','DM002',TO_DATE('2022-09-13','YYYY-MM-DD'),'Y');
INSERT INTO SCHEDULE_TB VALUES(SEQ_SCHEDULE_NO.NEXTVAL,'20050002','DM002',TO_DATE('2022-09-14','YYYY-MM-DD'),'N');
INSERT INTO SCHEDULE_TB VALUES(SEQ_SCHEDULE_NO.NEXTVAL,'20050002','DM002',TO_DATE('2022-09-15','YYYY-MM-DD'),'N');
INSERT INTO SCHEDULE_TB VALUES(SEQ_SCHEDULE_NO.NEXTVAL,'20050002','DM002',TO_DATE('2022-09-16','YYYY-MM-DD'),'Y');
INSERT INTO SCHEDULE_TB VALUES(SEQ_SCHEDULE_NO.NEXTVAL,'20050002','DM002',TO_DATE('2022-09-17','YYYY-MM-DD'),'N');
INSERT INTO SCHEDULE_TB VALUES(SEQ_SCHEDULE_NO.NEXTVAL,'20050002','DM002',TO_DATE('2022-09-18','YYYY-MM-DD'),'Y');
INSERT INTO SCHEDULE_TB VALUES(SEQ_SCHEDULE_NO.NEXTVAL,'20050002','DM002',TO_DATE('2022-09-19','YYYY-MM-DD'),'N');
INSERT INTO SCHEDULE_TB VALUES(SEQ_SCHEDULE_NO.NEXTVAL,'20050002','DM002',TO_DATE('2022-09-20','YYYY-MM-DD'),'N');
INSERT INTO SCHEDULE_TB VALUES(SEQ_SCHEDULE_NO.NEXTVAL,'20050002','DM002',TO_DATE('2022-09-21','YYYY-MM-DD'),'N');
INSERT INTO SCHEDULE_TB VALUES(SEQ_SCHEDULE_NO.NEXTVAL,'20050002','DM002',TO_DATE('2022-09-22','YYYY-MM-DD'),'N');
INSERT INTO SCHEDULE_TB VALUES(SEQ_SCHEDULE_NO.NEXTVAL,'20050002','DM002',TO_DATE('2022-09-23','YYYY-MM-DD'),'N');
INSERT INTO SCHEDULE_TB VALUES(SEQ_SCHEDULE_NO.NEXTVAL,'20050002','DM002',TO_DATE('2022-09-24','YYYY-MM-DD'),'N');
INSERT INTO SCHEDULE_TB VALUES(SEQ_SCHEDULE_NO.NEXTVAL,'20050002','DM002',TO_DATE('2022-09-25','YYYY-MM-DD'),'N');
INSERT INTO SCHEDULE_TB VALUES(SEQ_SCHEDULE_NO.NEXTVAL,'20050002','DM002',TO_DATE('2022-09-26','YYYY-MM-DD'),'N');
INSERT INTO SCHEDULE_TB VALUES(SEQ_SCHEDULE_NO.NEXTVAL,'20050002','DM002',TO_DATE('2022-09-27','YYYY-MM-DD'),'Y');
INSERT INTO SCHEDULE_TB VALUES(SEQ_SCHEDULE_NO.NEXTVAL,'20050002','DM002',TO_DATE('2022-09-28','YYYY-MM-DD'),'Y');
INSERT INTO SCHEDULE_TB VALUES(SEQ_SCHEDULE_NO.NEXTVAL,'20050002','DM002',TO_DATE('2022-09-29','YYYY-MM-DD'),'N');
INSERT INTO SCHEDULE_TB VALUES(SEQ_SCHEDULE_NO.NEXTVAL,'20050002','DM002',TO_DATE('2022-09-30','YYYY-MM-DD'),'N');
---
INSERT INTO SCHEDULE_TB VALUES(SEQ_SCHEDULE_NO.NEXTVAL,'20050004','DM002',TO_DATE('2022-09-01','YYYY-MM-DD'),'N');
INSERT INTO SCHEDULE_TB VALUES(SEQ_SCHEDULE_NO.NEXTVAL,'20050004','DM002',TO_DATE('2022-09-02','YYYY-MM-DD'),'N');
INSERT INTO SCHEDULE_TB VALUES(SEQ_SCHEDULE_NO.NEXTVAL,'20050004','DM002',TO_DATE('2022-09-03','YYYY-MM-DD'),'Y');
INSERT INTO SCHEDULE_TB VALUES(SEQ_SCHEDULE_NO.NEXTVAL,'20050004','DM002',TO_DATE('2022-09-04','YYYY-MM-DD'),'N');
INSERT INTO SCHEDULE_TB VALUES(SEQ_SCHEDULE_NO.NEXTVAL,'20050004','DM002',TO_DATE('2022-09-05','YYYY-MM-DD'),'N');
INSERT INTO SCHEDULE_TB VALUES(SEQ_SCHEDULE_NO.NEXTVAL,'20050004','DM002',TO_DATE('2022-09-06','YYYY-MM-DD'),'N');
INSERT INTO SCHEDULE_TB VALUES(SEQ_SCHEDULE_NO.NEXTVAL,'20050004','DM002',TO_DATE('2022-09-07','YYYY-MM-DD'),'Y');
INSERT INTO SCHEDULE_TB VALUES(SEQ_SCHEDULE_NO.NEXTVAL,'20050004','DM002',TO_DATE('2022-09-08','YYYY-MM-DD'),'N');
INSERT INTO SCHEDULE_TB VALUES(SEQ_SCHEDULE_NO.NEXTVAL,'20050004','DM002',TO_DATE('2022-09-09','YYYY-MM-DD'),'N');
INSERT INTO SCHEDULE_TB VALUES(SEQ_SCHEDULE_NO.NEXTVAL,'20050004','DM002',TO_DATE('2022-09-10','YYYY-MM-DD'),'N');
INSERT INTO SCHEDULE_TB VALUES(SEQ_SCHEDULE_NO.NEXTVAL,'20050004','DM002',TO_DATE('2022-09-11','YYYY-MM-DD'),'N');
INSERT INTO SCHEDULE_TB VALUES(SEQ_SCHEDULE_NO.NEXTVAL,'20050004','DM002',TO_DATE('2022-09-12','YYYY-MM-DD'),'Y');
INSERT INTO SCHEDULE_TB VALUES(SEQ_SCHEDULE_NO.NEXTVAL,'20050004','DM002',TO_DATE('2022-09-13','YYYY-MM-DD'),'N');
INSERT INTO SCHEDULE_TB VALUES(SEQ_SCHEDULE_NO.NEXTVAL,'20050004','DM002',TO_DATE('2022-09-14','YYYY-MM-DD'),'N');
INSERT INTO SCHEDULE_TB VALUES(SEQ_SCHEDULE_NO.NEXTVAL,'20050004','DM002',TO_DATE('2022-09-15','YYYY-MM-DD'),'N');
INSERT INTO SCHEDULE_TB VALUES(SEQ_SCHEDULE_NO.NEXTVAL,'20050004','DM002',TO_DATE('2022-09-16','YYYY-MM-DD'),'N');
INSERT INTO SCHEDULE_TB VALUES(SEQ_SCHEDULE_NO.NEXTVAL,'20050004','DM002',TO_DATE('2022-09-17','YYYY-MM-DD'),'Y');
INSERT INTO SCHEDULE_TB VALUES(SEQ_SCHEDULE_NO.NEXTVAL,'20050004','DM002',TO_DATE('2022-09-18','YYYY-MM-DD'),'Y');
INSERT INTO SCHEDULE_TB VALUES(SEQ_SCHEDULE_NO.NEXTVAL,'20050004','DM002',TO_DATE('2022-09-19','YYYY-MM-DD'),'N');
INSERT INTO SCHEDULE_TB VALUES(SEQ_SCHEDULE_NO.NEXTVAL,'20050004','DM002',TO_DATE('2022-09-20','YYYY-MM-DD'),'N');
INSERT INTO SCHEDULE_TB VALUES(SEQ_SCHEDULE_NO.NEXTVAL,'20050004','DM002',TO_DATE('2022-09-21','YYYY-MM-DD'),'N');
INSERT INTO SCHEDULE_TB VALUES(SEQ_SCHEDULE_NO.NEXTVAL,'20050004','DM002',TO_DATE('2022-09-22','YYYY-MM-DD'),'Y');
INSERT INTO SCHEDULE_TB VALUES(SEQ_SCHEDULE_NO.NEXTVAL,'20050004','DM002',TO_DATE('2022-09-23','YYYY-MM-DD'),'N');
INSERT INTO SCHEDULE_TB VALUES(SEQ_SCHEDULE_NO.NEXTVAL,'20050004','DM002',TO_DATE('2022-09-24','YYYY-MM-DD'),'N');
INSERT INTO SCHEDULE_TB VALUES(SEQ_SCHEDULE_NO.NEXTVAL,'20050004','DM002',TO_DATE('2022-09-25','YYYY-MM-DD'),'N');
INSERT INTO SCHEDULE_TB VALUES(SEQ_SCHEDULE_NO.NEXTVAL,'20050004','DM002',TO_DATE('2022-09-26','YYYY-MM-DD'),'N');
INSERT INTO SCHEDULE_TB VALUES(SEQ_SCHEDULE_NO.NEXTVAL,'20050004','DM002',TO_DATE('2022-09-27','YYYY-MM-DD'),'N');
INSERT INTO SCHEDULE_TB VALUES(SEQ_SCHEDULE_NO.NEXTVAL,'20050004','DM002',TO_DATE('2022-09-28','YYYY-MM-DD'),'Y');
INSERT INTO SCHEDULE_TB VALUES(SEQ_SCHEDULE_NO.NEXTVAL,'20050004','DM002',TO_DATE('2022-09-29','YYYY-MM-DD'),'Y');
INSERT INTO SCHEDULE_TB VALUES(SEQ_SCHEDULE_NO.NEXTVAL,'20050004','DM002',TO_DATE('2022-09-30','YYYY-MM-DD'),'Y');
--
INSERT INTO SCHEDULE_TB VALUES(SEQ_SCHEDULE_NO.NEXTVAL,'20070002','DM002',TO_DATE('2022-09-01','YYYY-MM-DD'),'Y');
INSERT INTO SCHEDULE_TB VALUES(SEQ_SCHEDULE_NO.NEXTVAL,'20070002','DM002',TO_DATE('2022-09-02','YYYY-MM-DD'),'N');
INSERT INTO SCHEDULE_TB VALUES(SEQ_SCHEDULE_NO.NEXTVAL,'20070002','DM002',TO_DATE('2022-09-03','YYYY-MM-DD'),'N');
INSERT INTO SCHEDULE_TB VALUES(SEQ_SCHEDULE_NO.NEXTVAL,'20070002','DM002',TO_DATE('2022-09-04','YYYY-MM-DD'),'Y');
INSERT INTO SCHEDULE_TB VALUES(SEQ_SCHEDULE_NO.NEXTVAL,'20070002','DM002',TO_DATE('2022-09-05','YYYY-MM-DD'),'Y');
INSERT INTO SCHEDULE_TB VALUES(SEQ_SCHEDULE_NO.NEXTVAL,'20070002','DM002',TO_DATE('2022-09-06','YYYY-MM-DD'),'N');
INSERT INTO SCHEDULE_TB VALUES(SEQ_SCHEDULE_NO.NEXTVAL,'20070002','DM002',TO_DATE('2022-09-07','YYYY-MM-DD'),'N');
INSERT INTO SCHEDULE_TB VALUES(SEQ_SCHEDULE_NO.NEXTVAL,'20070002','DM002',TO_DATE('2022-09-08','YYYY-MM-DD'),'N');
INSERT INTO SCHEDULE_TB VALUES(SEQ_SCHEDULE_NO.NEXTVAL,'20070002','DM002',TO_DATE('2022-09-09','YYYY-MM-DD'),'Y');
INSERT INTO SCHEDULE_TB VALUES(SEQ_SCHEDULE_NO.NEXTVAL,'20070002','DM002',TO_DATE('2022-09-10','YYYY-MM-DD'),'Y');
INSERT INTO SCHEDULE_TB VALUES(SEQ_SCHEDULE_NO.NEXTVAL,'20070002','DM002',TO_DATE('2022-09-11','YYYY-MM-DD'),'N');
INSERT INTO SCHEDULE_TB VALUES(SEQ_SCHEDULE_NO.NEXTVAL,'20070002','DM002',TO_DATE('2022-09-12','YYYY-MM-DD'),'N');
INSERT INTO SCHEDULE_TB VALUES(SEQ_SCHEDULE_NO.NEXTVAL,'20070002','DM002',TO_DATE('2022-09-13','YYYY-MM-DD'),'N');
INSERT INTO SCHEDULE_TB VALUES(SEQ_SCHEDULE_NO.NEXTVAL,'20070002','DM002',TO_DATE('2022-09-14','YYYY-MM-DD'),'N');
INSERT INTO SCHEDULE_TB VALUES(SEQ_SCHEDULE_NO.NEXTVAL,'20070002','DM002',TO_DATE('2022-09-15','YYYY-MM-DD'),'Y');
INSERT INTO SCHEDULE_TB VALUES(SEQ_SCHEDULE_NO.NEXTVAL,'20070002','DM002',TO_DATE('2022-09-16','YYYY-MM-DD'),'N');
INSERT INTO SCHEDULE_TB VALUES(SEQ_SCHEDULE_NO.NEXTVAL,'20070002','DM002',TO_DATE('2022-09-17','YYYY-MM-DD'),'N');
INSERT INTO SCHEDULE_TB VALUES(SEQ_SCHEDULE_NO.NEXTVAL,'20070002','DM002',TO_DATE('2022-09-18','YYYY-MM-DD'),'N');
INSERT INTO SCHEDULE_TB VALUES(SEQ_SCHEDULE_NO.NEXTVAL,'20070002','DM002',TO_DATE('2022-09-19','YYYY-MM-DD'),'N');
INSERT INTO SCHEDULE_TB VALUES(SEQ_SCHEDULE_NO.NEXTVAL,'20070002','DM002',TO_DATE('2022-09-20','YYYY-MM-DD'),'Y');
INSERT INTO SCHEDULE_TB VALUES(SEQ_SCHEDULE_NO.NEXTVAL,'20070002','DM002',TO_DATE('2022-09-21','YYYY-MM-DD'),'N');
INSERT INTO SCHEDULE_TB VALUES(SEQ_SCHEDULE_NO.NEXTVAL,'20070002','DM002',TO_DATE('2022-09-22','YYYY-MM-DD'),'N');
INSERT INTO SCHEDULE_TB VALUES(SEQ_SCHEDULE_NO.NEXTVAL,'20070002','DM002',TO_DATE('2022-09-23','YYYY-MM-DD'),'N');
INSERT INTO SCHEDULE_TB VALUES(SEQ_SCHEDULE_NO.NEXTVAL,'20070002','DM002',TO_DATE('2022-09-24','YYYY-MM-DD'),'N');
INSERT INTO SCHEDULE_TB VALUES(SEQ_SCHEDULE_NO.NEXTVAL,'20070002','DM002',TO_DATE('2022-09-25','YYYY-MM-DD'),'Y');
INSERT INTO SCHEDULE_TB VALUES(SEQ_SCHEDULE_NO.NEXTVAL,'20070002','DM002',TO_DATE('2022-09-26','YYYY-MM-DD'),'N');
INSERT INTO SCHEDULE_TB VALUES(SEQ_SCHEDULE_NO.NEXTVAL,'20070002','DM002',TO_DATE('2022-09-27','YYYY-MM-DD'),'N');
INSERT INTO SCHEDULE_TB VALUES(SEQ_SCHEDULE_NO.NEXTVAL,'20070002','DM002',TO_DATE('2022-09-28','YYYY-MM-DD'),'N');
INSERT INTO SCHEDULE_TB VALUES(SEQ_SCHEDULE_NO.NEXTVAL,'20070002','DM002',TO_DATE('2022-09-29','YYYY-MM-DD'),'Y');
INSERT INTO SCHEDULE_TB VALUES(SEQ_SCHEDULE_NO.NEXTVAL,'20070002','DM002',TO_DATE('2022-09-30','YYYY-MM-DD'),'N');

-----------------------------------------------------------------
--목표매출 테이블--SEQ_TARGET_NO
--CREATE TABLE SALES_TARGET_TB (
--   TARGET_NO NUMBER CONSTRAINT PK_SALES_TARGET_TB PRIMARY KEY,
--   TARGET_DATE DATE,
--   TARGET_AMOUNT NUMBER DEFAULT 0,
--   SKINCR_RATIO VARCHAR2(5),
--   MAKEUP_RATIO VARCHAR2(5),
--   BODYCR_RATIO VARCHAR2(5),
--   HAIRCR_RATIO VARCHAR2(5),
--   TEAM_CODE VARCHAR2(50) NOT NULL,   -----
--   CONSTRAINT FK_SALES_TARGET_TEAM_CODE FOREIGN KEY(TEAM_CODE) REFERENCES "TEAM_TB"
--);
SELECT TO_DATE('2022-09','YYYY-MM') FROM DUAL;
INSERT INTO SALES_TARGET_TB VALUES(SEQ_TARGET_NO.NEXTVAL,TO_DATE('2022-07','YYYY-MM'),300000,0.3,0.2,0.2,0.3,'DM001');
INSERT INTO SALES_TARGET_TB VALUES(SEQ_TARGET_NO.NEXTVAL,TO_DATE('2022-08','YYYY-MM'),300000,0.3,0.2,0.2,0.3,'DM001');
INSERT INTO SALES_TARGET_TB VALUES(SEQ_TARGET_NO.NEXTVAL,TO_DATE('2022-09','YYYY-MM'),400000,0.25,0.25,0.3,0.2,'DM001');

INSERT INTO SALES_TARGET_TB VALUES(SEQ_TARGET_NO.NEXTVAL,TO_DATE('2022-07','YYYY-MM'),200000,0.2,0.2,0.25,0.35,'DM002');
INSERT INTO SALES_TARGET_TB VALUES(SEQ_TARGET_NO.NEXTVAL,TO_DATE('2022-08','YYYY-MM'),250000,0.2,0.2,0.2,0.4,'DM002');
INSERT INTO SALES_TARGET_TB VALUES(SEQ_TARGET_NO.NEXTVAL,TO_DATE('2022-09','YYYY-MM'),380000,0.15,0.25,0.3,0.3,'DM002');

--SELECT * FROM EMP_TB 
--WHERE (TEAM_CODE IN('HQ','DC') OR (DEPT_CODE = 'SM' AND JOB_CODE = 'SA'));
--
--UPDATE EMP_TB SET EMP_PW = 'passJA'
--WHERE EMP_NO = '20070001';
